"Term";"Frequency"
"REPRODUCTIVE JUSTICE";488
"REPRODUCTIVE HEALTH";61
"HEALTH CARE";24
"REPRODUCTIVE RIGHTS";24
"LONG-ACTING REVERSIBLE";20
"REPRODUCTIVE INJUSTICE";19
"REVERSIBLE CONTRACEPTION";18
"FAMILY PLANNING";17
"BLACK WOMEN";15
"ABORTION RIGHTS";14
"MENTAL HEALTH";13
"QUALITATIVE STUDY";13
"CONTRACEPTIVE COUNSELING";12
"JUSTICE FRAMEWORK";12
"ABORTION ACCESS";11
"SCOPING REVIEW";11
"ABORTION CARE";10
"HUMAN RIGHTS";10
"JUSTICE APPROACH";10
"WOMENS HEALTH";10
"JUSTICE LENS";9
"OBSTETRIC VIOLENCE";9
"SOCIAL JUSTICE";9
"AMERICAN WOMEN";8
"HEALTH EQUITY";8
"MEDICATION ABORTION";8
"NORTHERN IRELAND";8
"REPRODUCTIVE OPPRESSION";8
"SEXUAL HEALTH";8
"ENVIRONMENTAL JUSTICE";7
"ENVIRONMENTAL REPRODUCTIVE";7
"INDIGENOUS WOMEN";7
"PRIMARY CARE";7
"PUBLIC HEALTH";7
"REPRODUCTIVE AUTONOMY";7
"REPRODUCTIVE TECHNOLOGIES";7
"SOUTH AFRICA";7
"ABORTION LAW";6
"ABORTION LAWS";6
"BIRTH CONTROL";6
"BLACK WOMENS";6
"CLIMATE CHANGE";6
"COVID- PANDEMIC";6
"CRISIS PREGNANCY";6
"DISABLED PEOPLE";6
"HEALTH INEQUITIES";6
"INFANT MORTALITY";6
"JUSTICE ACTIVISM";6
"JUSTICE PERSPECTIVE";6
"MATERNAL HEALTH";6
"MATERNITY CARE";6
"NATIVE AMERICAN";6
"REPRODUCTIVA EN";6
"REPRODUCTIVE CARE";6
"TEACHING REPRODUCTIVE";6
"TWENTY-FIRST CENTURY";6
"ASSISTED REPRODUCTIVE";5
"BIRTH JUSTICE";5
"BIRTHING PEOPLE";5
"BLACK MOTHERS";5
"CHILD HEALTH";5
"CONTRACEPTIVE CARE";5
"GULF COAST";5
"HEALTH RIGHTS";5
"JUSTIÇA REPRODUTIVA";5
"JUSTICE ANALYSIS";5
"PERINATAL HEALTH";5
"PREGNANT WOMEN";5
"QUEERING REPRODUCTIVE";5
"REPRODUCTIVE JUSTICEI";5
"SOCIAL REPRODUCTION";5
"STRATIFIED REPRODUCTION";5
"WOMENS EXPERIENCES";5
"ABORTION ACTIVISM";4
"ABORTION FUND";4
"ABORTION POLITICS";4
"ACHIEVING REPRODUCTIVE";4
"AFRICAN AMERICAN";4
"ASSISTED REPRODUCTION";4
"BLACK BIRTHING";4
"BLACK FEMINIST";4
"CLINICAL CARE";4
"HEALTH DISPARITIES";4
"HEALTH JUSTICE";4
"HEALTH POLICY";4
"INDIGENOUS REPRODUCTIVE";4
"INFANT HEALTH";4
"IRISH ABORTION";4
"JUSTICIA REPRODUCTIVA";4
"MIGRANT WOMEN";4
"POSTPARTUM LONG-ACTING";4
"PREGNANCY CENTERS";4
"QUALITATIVE ANALYSIS";4
"REPRODUCTIVE CHOICE";4
"SYSTEMATIC REVIEW";4
"WOMENS REPRODUCTIVE";4
"ABORTION BAN";3
"ABORTION DEBATE";3
"ABORTION SERVICES";3
"ACHIEVE REPRODUCTIVE";3
"ADOLESCENT PREGNANCY";3
"ADVANCE REPRODUCTIVE";3
"ADVANCING REPRODUCTIVE";3
"BLACK MATERNAL";3
"CERVICAL CANCER";3
"CHALLENGING WHITE";3
"CLIMATE CRISIS";3
"COALITION POLITICS";3
"COLLECTIVE ACTION";3
"COMMITTEE OPINION";3
"COMMON GROUND";3
"COMMUNITY HEALTH";3
"DE LA";3
"DISABILITY JUSTICE";3
"EGG FREEZING";3
"ETHICAL CONSIDERATIONS";3
"ETHICAL ISSUES";3
"FAITH VOICES";3
"FEMINIST JUDGMENTS";3
"GENDER DIVERSE";3
"GENDERED RACISM";3
"GESTATIONAL SURROGACY";3
"GIVING BIRTH";3
"GLOBAL HEALTH";3
"GLOBAL SOUTH";3
"HARM REDUCTION";3
"HEALTH FRAMEWORK";3
"HEALTH LAW";3
"HEALTH SYSTEM";3
"HORMONAL CONTRACEPTION";3
"IMMIGRATION DETENTION";3
"INDIGENOUS TRIBE";3
"INFANT MENTAL";3
"INTELLECTUAL DISABILITIES";3
"INTRAUTERINE DEVICE";3
"INTRODUCTION REPRODUCTIVE";3
"JACKSON WOMENS";3
"JUDGMENTS REPRODUCTIVE";3
"JUSTICE ADVOCACY";3
"JUSTICE ISSUE";3
"JUSTICE MODEL";3
"JUSTICE MOVEMENTS";3
"JUSTICE REWRITTEN";3
"MATERNAL MORTALITY";3
"MONOLINGUAL FEMINISMS";3
"NTOZAKE SHANGES";3
"PATIENT-CENTERED CONTRACEPTIVE";3
"POSTPARTUM CONTRACEPTION";3
"PREGNANCY CONTRACEPTION";3
"PREGNANCY PLANNING";3
"PREGNANT PEOPLE";3
"QUEER BIOETHICS";3
"QUEERING FAMILY";3
"RACE CLASS";3
"RACIAL JUSTICE";3
"REPRODUCTIVE COERCION";3
"REPRODUCTIVE EQUITY";3
"REPRODUCTIVE FREEDOM";3
"REPRODUCTIVE GOVERNANCE";3
"REPRODUCTIVE HEALTHCARE";3
"REPRODUCTIVE POLITICS";3
"REPRODUCTIVE SURVEILLANCE";3
"REPRODUCTIVE TECHNOLOGY";3
"RESPECTFUL MATERNITY";3
"REVIEW PROTOCOL";3
"SEXUAL ACTIVITY";3
"SEXUAL ASSAULT";3
"SOCIAL CONTROL";3
"SOCIAL MEDIA";3
"SOCIAL MOVEMENT";3
"SPECIAL ISSUE";3
"TRANSLATION CHALLENGING";3
"UNITED KINGDOM";3
"WHITE MONOLINGUAL";3
"WHITE SUPREMACY";3
"WOMENS RIGHTS";3
"ABORTION-RELATED OBSTETRIC";2
"ABORTION DECRIMINALIZATION";2
"ABORTION EXPERIENCE";2
"ABORTION MOBILITIES";2
"ABORTION POLICIES";2
"ABORTION POLICY";2
"ABORTION PROJECT";2
"ABORTION REPRODUCTIVE";2
"ABORTION STIGMA";2
"ACCESS EXPERIENCES";2
"ADDRESSING STRUCTURAL";2
"ADOLESCENT GIRLS";2
"ADOLESCENT REPRODUCTIVE";2
"ADOPTIVE COUPLE";2
"ADVANCING MATERNAL";2
"ADVOCACY STRATEGIES";2
"AFRICAN COUNTRIES";2
"AMERICAN INDIAN";2
"AMERICAN NATIVE";2
"ANALYSIS BASED";2
"ARTE SOBRE";2
"ARTIFICIAL WOMBS";2
"ASIA PACIFIC";2
"AUDIOAUTO BIOGRAPHY";2
"AUSTRALIA CREATING";2
"BABY GIRL";2
"BAD SEED";2
"BIOPOLÍTICA DERECHOS";2
"BIRTH STORIES";2
"BIRTHING JUSTICE";2
"BIRTHING PERSONS";2
"BLACK INDIGENOUS";2
"BLACK LIVES";2
"BLACK MATERNITY";2
"BLACK MIDWIVES";2
"BLACK NURSES";2
"BLACK PERINATAL";2
"BLACK PREGNANT";2
"BLACK QUEER";2
"BLACK WOMEN-LED";2
"BLOOD QUANTUM";2
"BODILY AUTONOMY";2
"BRAZIL CHILE";2
"BREASTFEEDING AWARENESS";2
"BREASTFEEDING IMPLICATIONS";2
"CAMPUS CRISIS";2
"CARE PROVIDERS";2
"CARE SERVICES";2
"CARE UNDERSTANDING";2
"CATALISAR ESTRATÉGIAS";2
"CATHARINE STIMPSON";2
"CATHOLIC CHURCH";2
"CATLETTS PRINTS";2
"CENTERING COMMUNITY";2
"CENTRE CHOICE";2
"CENTURY AUSTRALIA";2
"CHALLENGING SOUTH";2
"CHILD PROTECTION";2
"CHILDBEARING REPRODUCTIVE";2
"CIRCUNSTANCIAS DE";2
"CLIMATE JUSTICE";2
"CLINICAL RESEARCH";2
"COLOR REPRODUCTIVE";2
"COMMERCIAL SURROGACY";2
"CONCEPT ANALYSIS";2
"CONSERVATIVE BACKLASH";2
"CONSERVATIVE LAESTADIAN";2
"CONTEMPORARY PODCAST";2
"CONTEMPORARY REPRODUCTIVE";2
"CONTEXTS COALITIONS";2
"CONTRACEPTION ACCESS";2
"CONTRACEPTION LARC";2
"CONTRACEPTIVE ACCESS";2
"CONTRACEPTIVE DECISION-MAKING";2
"CONTRACEPTIVE IMPLANT";2
"CONTROL ACCESS";2
"COUNSELING PSYCHOLOGY";2
"CRIMINAL LEGAL";2
"CRITICAL EXAMINATION";2
"CRITICAL REVIEW";2
"CRITICAL SOCIAL";2
"CROSS-SECTIONAL SURVEY";2
"CULTURAL FACTORS";2
"CULTURE WAR";2
"DA FECUNDIDADE";2
"DALIT FEMINIST";2
"DE DESIGUALDAD";2
"DE GESTÃO";2
"DE GOVERNO";2
"DE INCIDÊNCIA";2
"DE JUSTIÇA";2
"DE LAS";2
"DE MULHERES";2
"DEL ARTE";2
"DERECHOS DE";2
"DESIGUALDAD RADICAL";2
"DIFFUSION NOTES";2
"DISABILITY REPRODUCTIVE";2
"DISABILITY RIGHTS";2
"DISABILITY ROYAL";2
"DISIDENTES REESCRIBEN";2
"DOMESTIC VIOLENCE";2
"ECONOMIC GROWTH";2
"EDUCATION ACTIVISM";2
"EL POSTHUMANISMO";2
"ELIZABETH CATLETTS";2
"EM SAÚDE";2
"EMBODIED PRACTICES";2
"EMPOWERMENT BAE";2
"EN CIRCUNSTANCIAS";2
"EN ECUADOR";2
"ENVIRONMENTALISMS COALITION";2
"EQUITABLE ACCESS";2
"ESQUINA EXPLOTACIÓN";2
"ESTRATÉGIAS DE";2
"EXPANDING ACCESS";2
"EXPLORATORY SURVEY";2
"EXPLORING BLACK";2
"EXPLOTACIÓN REPRODUCTIVA";2
"FAMILY TREES";2
"FECUNDIDADE DE";2
"FEMALE NARRATIVES";2
"FEMINISMS LTCHOICE";2
"FEMINIST DIASPORA";2
"FEMINIST HEALTH";2
"FEMINIST PERSPECTIVES";2
"FEMINIST SCHOLARSHIP";2
"FEMINIST VOICES";2
"FERTILITY PRESERVATION";2
"FICCIONES DISIDENTES";2
"FORCED STERILIZATION";2
"FOSTER CARE";2
"FRAN ROSSS";2
"FREEDOM MOVEMENT";2
"GENDER DISCOURSES";2
"GENETIC TESTING";2
"GEORGIA MEDICATION";2
"GESTÃO DA";2
"GESTATIONAL AGE";2
"GLOBAL MARKET";2
"GLOBAL MOVEMENT";2
"GLOBAL PANDEMIC";2
"HEALTH ACTIVISM";2
"HEALTH ADVOCACY";2
"HEALTH GAP";2
"HEALTH ORGANIZATIONI";2
"HEALTH PROMOTION";2
"HEALTH RESEARCH";2
"HEALTH SERVICES";2
"HEALTH SUPPORTS";2
"HEALTH WORKERS";2
"HIV PREVENTION";2
"HORIZONTAL ELLIPSIS";2
"IA CALL";2
"IJUSTICIA REPRODUCTIVAI";2
"IMELDA REPRODUCTIVE";2
"IMMIGRATION ENFORCEMENT";2
"IMPERILED DIVERSITIES";2
"IMPLANT DISCONTINUATION";2
"INCARCERATED WOMEN";2
"INCIDÊNCIA DURANTE";2
"INCORPORATING REPRODUCTIVE";2
"INCREASING ACCESS";2
"INDIGENOUS PEOPLES";2
"INDIGENOUS WOMENS";2
"INFORMED CONSENT";2
"INJUSTICIA REPRODUCTIVA";2
"INSURANCE COVERAGE";2
"INTEGRATED APPROACH";2
"INTELLECTUAL DISABILITY";2
"INTENTION SCREENING";2
"INVISIBLE INFERTILE";2
"IREPRODUCTIVE JUSTICE";2
"IUD COUNSELING";2
"JUSTICE ABORTION";2
"JUSTICE CONCLUSION";2
"JUSTICE CONTEXTS";2
"JUSTICE EQUITY";2
"JUSTICE EXAMINING";2
"JUSTICE FRAMEWORKS";2
"JUSTICE FUTURES";2
"JUSTICE HEALTH";2
"JUSTICE IMPLICATIONS";2
"JUSTICE INTRODUCTION";2
"JUSTICE LESSONS";2
"JUSTICE MATTERS";2
"JUSTICE METHODOLOGY";2
"JUSTICE MOVEMENT";2
"JUSTICE PRINCIPLES";2
"JUSTICE RACE";2
"JUSTICE RACIAL";2
"JUSTICEI INTRODUCTION";2
"KOREAS ABORTION";2
"LA ESQUINA";2
"LA INJUSTICIA";2
"LA LEY";2
"LA VUELTA";2
"LAS MUJERES";2
"LATIN AMERICA";2
"LATIN AMERICAN";2
"LATINA MOTHERS";2
"LATINA WOMEN";2
"LAW REFORM";2
"LEGAL SYSTEM";2
"LEGISLATIVE PERSPECTIVE";2
"LESBIAN MOTHERHOOD";2
"LESBIAN MOTHERS";2
"LESSONS LEARNED";2
"LEY INVESTIGACIÓN";2
"LIÇÕES DE";2
"LISA LOOMERS";2
"LISTENING OBSTETRIC";2
"LIVED EXPERIENCES";2
"LIVING ENVIRONMENTALISMS";2
"LOST OPPORTUNITY";2
"LTCHOICE GT";2
"MALE CONTRACEPTION";2
"MASS INCARCERATION";2
"MATERNAL AGE";2
"MATERNAL AGENCY";2
"MATERNAL MENTAL";2
"MATERNIDADES PROHIBIDAS";2
"MATERNITY FRAN";2
"MEDICAL STUDENTS";2
"MEETING WOMENS";2
"METHODS TENSIONS";2
"MILITARIZED ASIA";2
"MODOS DE";2
"MOTHERS ELIZABETH";2
"MULHERES VULNERÁVEIS";2
"MULTIGENERATIONAL CULTURE";2
"NATIONAL CALL";2
"NATIONAL HEALTH";2
"NEOLIBERAL GLOBALIZATION";2
"NUCLEAR DIFFUSION";2
"OBSTETRIC ANESTHESIOLOGY";2
"OBSTETRIC CARE";2
"OUTSTANDING FEMINIST";2
"PARA CATALISAR";2
"PARTICIPATORY RESEARCH";2
"PATIENT CARE";2
"PERINATAL CARE";2
"PERINATAL MENTAL";2
"PERIOD POVERTY";2
"PERMANENT CONTRACEPTION";2
"PLANNING CARE";2
"PODCAST CULTURE";2
"PODCAST FAMILY";2
"POLITICAL INTERSECTIONALITY";2
"POLITICAL SUBJECT";2
"POLITICS SOCIAL";2
"POPULAR MEDIA";2
"POST-DOBBS ERA";2
"POST-I DOBBSI";2
"POST-IDOBBSI ERA";2
"POST-IDOBBSI WORLD";2
"POST-IROEI ERA";2
"POST-ROE AMERICA";2
"POST-ROE LANDSCAPE";2
"POSTHUMANISMO REPRODUCTIVO";2
"POSTPARTUM STERILIZATION";2
"PRECÁRIAS TECNOLOGIAS";2
"PRECONCEPTION HEALTH";2
"PREGNANCY CENTRE";2
"PREGNANCY EXPERIENCES";2
"PREGNANCY INTENTION";2
"PREGNANCY RESOLUTION";2
"PRENATAL CARE";2
"PROHIBIDAS LA";2
"PROVIDE ABORTION";2
"PROVIDER BIAS";2
"PSYCHOLOGICAL DISTRESS";2
"PSYCHOLOGICAL SCIENCE";2
"PUBLIC HEARING";2
"PUBLIC POLICY";2
"PUSHING FORWARD";2
"QUALITATIVE EXPLORATION";2
"RACE-ING ROE";2
"RACE RACISM";2
"RACIAL DISPARITIES";2
"RADICAL FEMINIST";2
"READING REPRODUCTIVE";2
"REESCRIBEN LA";2
"REIMAGINING REPRODUCTIVE";2
"REPARATIVE JUSTICE";2
"REPRODUCTIVE ABUSE";2
"REPRODUCTIVE CITIZENSHIP";2
"REPRODUCTIVE FUTURES";2
"REPRODUCTIVE INJUSTICES";2
"REPRODUCTIVE ISSUES";2
"REPRODUCTIVE JUSTICE-INFORMED";2
"REPRODUCTIVE LIFE";2
"REPRODUCTIVE VIOLENCE";2
"REPRODUTIVA PARA";2
"RESEARCH ENGAGEMENT";2
"RETHINKING ABORTION";2
"REVERSIBLE CONTRACEPTIVES";2
"RHETORICAL ANALYSIS";2
"RIGHTS ADVOCACY";2
"RIGHTS IWOMEN";2
"RIGHTS REPRODUCTIVE";2
"ROCKY MOUNTAIN";2
"ROE REPRODUCTIVE";2
"ROMA GIRLS";2
"ROMA WOMEN";2
"ROYAL COMMISSION";2
"RURAL HEALTH";2
"RUTH OZEKIS";2
"SEED IMPERILED";2
"SEEKING ABORTION";2
"SEX-SELECTIVE ABORTION";2
"SEXUAL JUSTICE";2
"SEXUAL VIOLENCE";2
"SEXUALITY EDUCATION";2
"SHARED DECISION-MAKING";2
"SHOULDNT HAPPEN";2
"SOBRE BIOPOLÍTICA";2
"SOCIAL DETERMINANTS";2
"SOUTH AFRICAN";2
"SOUTH KOREAS";2
"SOUTHERN AFRICA";2
"SPECULATIVE BLACK";2
"STIMPSON PRIZE";2
"STRUCTURAL RACISM";2
"STRUCTURAL VIOLENCE";2
"STUDENT ENCOUNTERS";2
"SUB-SAHARAN AFRICA";2
"SUBJECT POSITION";2
"SUPPORTING REPRODUCTIVE";2
"SUPREME COURT";2
"SYSTEMIC RACISM";2
"TECNOLOGIAS DE";2
"TRANSFORMATIVE REPRODUCTIVE";2
"TRANSNATIONAL REPRODUCTIVE";2
"TRAVÉS DEL";2
"TRUMP ERA";2
"UNDUE BURDENS";2
"UNINTENDED PREGNANCY";2
"UNWANTED PREGNANCY";2
"US-MEXICO BORDER";2
"VIDAS PRECÁRIAS";2
"VIOLÊNCIA OBSTÉTRICA";2
"VITRO GAMETOGENESIS";2
"VUELTA DE";2
"WAHINE MAORI";2
"WHARE TAKATA";2
"WOMB RACE";2
"WOMEN-LED APPROACH";2
"WOMEN ETHICAL";2
"WOMEN INVOLVED";2
"WOMENS PATHWAYS";2
"WOMENS PRISONS";2
"WOMENS REQUESTS";2
"WOMENS SEXUAL";2
"YOUTH SEXUAL";2
"ZIKA VIRUS";2
"ABBREVIATED REVIEW";1
"ABLE-BODIED WOMEN";1
"ABLEISM WOMEN";1
"ABOLITION MEDICINE";1
"ABOLITION POLITICS";1
"ABOLITION PRISONS";1
"ABOLITIONIST CARE";1
"ABORTION-FUND CLIENTS";1
"ABORTION-RELATED KNOWLEDGE";1
"ABORTION-RELATED RESEARCH";1
"ABORTION ACTION";1
"ABORTION ADVOCACY";1
"ABORTION ANARCHY";1
"ABORTION ATTITUDES";1
"ABORTION BANS";1
"ABORTION BANS-A";1
"ABORTION BODILY";1
"ABORTION CARE-SEEKING";1
"ABORTION COUNSELING";1
"ABORTION COUNSELLING";1
"ABORTION CRITICAL";1
"ABORTION DECISION";1
"ABORTION DECISIONS";1
"ABORTION DISABILITY";1
"ABORTION DISCLOSURE";1
"ABORTION DISCRIMINATION";1
"ABORTION ERASE";1
"ABORTION EXAMINING";1
"ABORTION FACILITIES";1
"ABORTION FACING";1
"ABORTION FEDERALISM";1
"ABORTION IMMOBILITY";1
"ABORTION INFORMATION";1
"ABORTION JUSTICE";1
"ABORTION KNOWLEDGE";1
"ABORTION LEGALIZATION";1
"ABORTION LEGISLATION";1
"ABORTION METHODOLOGICAL";1
"ABORTION PATIENTS";1
"ABORTION PRACTICES";1
"ABORTION PROVIDERS";1
"ABORTION PROVISION";1
"ABORTION REFERENDUM";1
"ABORTION RESTRICTIONS";1
"ABORTION RESTRICTIVENESS";1
"ABORTION SOCIAL";1
"ABORTION STORIES";1
"ABORTION STUDY";1
"ABORTION TEACHING";1
"ABORTION TRAINING";1
"ABORTION TRIBUNALS";1
"ABORTION VIEWPOINTS";1
"ABORTION WARS";1
"ABORTION WOMEN";1
"ABORTO UMA";1
"ABORTO YA-FEMINIST";1
"ABQ WOMEN";1
"ABSENCE CRISIS";1
"ABUSE PREVENTION";1
"ACADEMIC ABBREVIATED";1
"ACADEMIC LITERATURE";1
"ACCEPTABLE OPTIONS";1
"ACCEPTING CARE";1
"ACCESS BIAS";1
"ACCESS CULTIVATING";1
"ACCESS ESTABLISHING";1
"ACCESS REPRODUCTIVE";1
"ACCESSING ASSISTED";1
"ACCESSING CONTRACEPTIVE";1
"ACCESSING PREGNANCY";1
"ACCURACY MAIHDA";1
"ACHIEVE EQUITY";1
"ACHIEVING EQUITY";1
"ACHIEVING TRANS";1
"ACIRRADOS PELA";1
"ACTING HIV";1
"ACTING REVERSIBLE";1
"ACTION ADDRESSING";1
"ACTION COALITION";1
"ACTION FRAME";1
"ACTION RESEARCH";1
"ACTIVISMI PREFACE";1
"ACTIVIST-ORIENTED THEATRE";1
"ACTIVIST KNOWLEDGES";1
"ACTIVISTS APPROACH";1
"ACTIVISTS POLITICAL";1
"ADAPTIVE THROWING";1
"ADDICT EXPERIENCES";1
"ADDRESS PROVIDER";1
"ADDRESS RACIAL";1
"ADDRESS TOXIC";1
"ADDRESSING AMBIVALENCE";1
"ADDRESSING EQUITY";1
"ADDRESSING LONG-ACTING";1
"ADDRESSING TEENAGE";1
"ADOLESCENT CONTRACEPTIVE";1
"ADOLESCENT GYNECOLOGY";1
"ADOLESCENT MOTHERS";1
"ADOLESCENT RELATIONSHIP";1
"ADOLESCENT SEXUAL";1
"ADOLESCENTS-REPRODUCTIVE JUSTICE";1
"ADOLESCENTS PERCEPTIONS";1
"ADOPTION BELONGING";1
"ADOPTION FALLACY";1
"ADOPTION NARRATIVES";1
"ADOPTION SERVICE";1
"ADPF ABORTO";1
"ADULT HEALTH";1
"ADULT INDIAN";1
"ADULT REPRODUCTIVE";1
"ADULTS PERCEPTION";1
"ADVANCE DIRECTIVES";1
"ADVANCE MATERNAL";1
"ADVANCED MATERNAL";1
"ADVANCED MOTHERHOOD";1
"ADVANCED PRACTICE";1
"ADVANCING BIRTH";1
"ADVANCING GENDER";1
"ADVOCACY DOULA";1
"ADVOCACY EFFORTS";1
"ADVOCACY NAMING";1
"ADVOCACY ORGANIZATIONS";1
"ADVOCACY SUCCESSES";1
"ADVOCACY TOPICS";1
"AFFECT LIFE";1
"AFFECTING UNINTENDED";1
"AFFECTIVE METABOLISM";1
"AFFLUENT NATIONS";1
"AFFORDABLE HOUSING";1
"AFRICAN INDIGENOUS";1
"AFRICAN MOTHER";1
"AGE CONTRIBUTED";1
"AGE LIMIT";1
"AGE LIMITS";1
"AGENCY MATERIALITY";1
"AL LOG";1
"ALIGNING ACTIONS";1
"ALLEGORIES I-";1
"ALLEVIATING WORLD";1
"ALTRUISTIC SURROGACY";1
"AMANDINE GAY";1
"AMBIVALENT SEXISM";1
"AMERICA ENVIRONMENTAL";1
"AMERICA IMPACT";1
"AMERICA REPRODUCTIVE";1
"AMERICAN CARCERAL";1
"AMERICAN CONGRESS";1
"AMERICAN FAMILIES";1
"AMERICAN FEMALE";1
"AMERICAN FICTION";1
"AMERICAN LITERATURE";1
"AMERICAN PROFESSIONAL";1
"AMPLIFYING RHETORICS";1
"AMULYA MALLADIS";1
"ANALYSING LOCAL";1
"ANALYSIS EMPOWERING";1
"ANALYSIS MODEL";1
"ANALYTICAL APERTURE";1
"ANALYZING HUMAN";1
"ANALYZING REPRODUCTIVE";1
"ANDAS CULTIVATION";1
"ANESTHESIA PROVIDER";1
"ANGLOPHONE LITERATURE";1
"ANN SCALES";1
"ANNE DONCHIN";1
"ANNIE ERNAUXS";1
"ANONYME KOMMUNIKATIONSMATRIXVON";1
"ANONYMOUS MATRIX";1
"ANTHROGENESIS ABOLITIONIST";1
"ANTHROPOLOGY STATEMENT";1
"ANTI-ABORTION IDEOLOGY";1
"ANTI-ABORTION LAWS";1
"ANTI-ABORTION POLICIES";1
"ANTI-ABORTION REFORMS";1
"ANTI-ABORTION RHETORIC";1
"ANTI-ABTREIBUNGSREFORMEN KANN";1
"ANTI-BLACK ABLEISM";1
"ANTI-BLACK GENDERED";1
"ANTI-BLACK RACIAL";1
"ANTI-COLONIAL PEDAGOGIES";1
"ANTI-CRISIS PREGNANCY";1
"ANTI-ELAB MOVEMENT";1
"ANTI-GENDER STANCES";1
"ANTI-HETEROPATRIARCHAL REPRODUCTIVE";1
"ANTI-LYNCHING PLAYS";1
"ANTI-MULLERIAN HORMONE";1
"ANTI-RACIST ORGANIZING";1
"ANTICIPATORY REGIMES";1
"ANXIETY DISORDER";1
"APERTURE PROPOSITIONS";1
"APOSS MUSKOKA";1
"APPALACHIAN WOMEN";1
"APPLYING CRITICAL";1
"APPLYING INTERSECTIONAL";1
"ARAB WORLD";1
"ARENDT NATALITY";1
"ARGENTINE FILMS";1
"ARM PROVIDING";1
"ARMED CONFLICT";1
"ART-BASED APPROACH";1
"ART EDUCATION";1
"ART EXCEPTIONALISM";1
"ART RESPECTING";1
"ARTICULATING REPRODUCTIVE";1
"ARTIFICIAL INTELLIGENCE";1
"ARTISTS ENGAGE";1
"ARTS JUSTICE";1
"ASIAN AMERICAN";1
"ASPIRATIONAL SOLIDARITY";1
"ASSAULT CHARACTERISTICS";1
"ASSAULT MEDICAL";1
"ASSESSING FEASIBILITY";1
"ASSIGNED FEMALE";1
"ASSISTED LIVING";1
"AT-RISK MOTHERS";1
"ATTACK FIGHTING";1
"ATTENDANCE ASSOCIATIONS";1
"AUDIENCE RESEARCH";1
"AUDIÊNCIA PÚBLICA";1
"AUSTRALIAN BIRTH";1
"AUSTRALIAN TRANSGENDER";1
"AUTHORITARIAN POLITICS";1
"AUTOETHNOGRAPHIC EXAMINATION";1
"AUTONOMY EQUALITY";1
"AVALIAÇÃO CRÍTICA";1
"AVEC AMANDINE";1
"AVERY DISCUSSES";1
"AWARENESS SEXUAL";1
"BABIESHOW MODERN";1
"BABY-HUNGER SURROGACY";1
"BAD ECOSEX";1
"BAJO CAUCA";1
"BALANCING ENHANCED";1
"BALINESE COMPOUND";1
"BALTIMORE MD";1
"BAN LEGISLATION";1
"BAN TRANSNATIONAL";1
"BANS-A REPRODUCTIVE";1
"BARRIERS FACED";1
"BARS COERCION";1
"BEAR DENIED";1
"BEARING CHILDREN";1
"BEARING RISKS";1
"BEDSIDE INCORPORATING";1
"BEGET SLAVES";1
"BEGINNINGS IDOBBSI";1
"BEINGKNOWINGFEELING STORYTELLING";1
"BELIEF MODEL";1
"BIOETHICAL INVENTORY";1
"BIOETHICAL NORM";1
"BIOETHICS DE";1
"BIOETHICS OWES";1
"BIOETHICS READER";1
"BIOPOLITICS WOMENS";1
"BIRTH- TIMETHE";1
"BIRTH ACTIVISM";1
"BIRTH CENTER";1
"BIRTH CHILDBIRTH";1
"BIRTH COMPANION";1
"BIRTH DEFECTS";1
"BIRTH DISABILITY";1
"BIRTH DISCOURSE";1
"BIRTH DUE";1
"BIRTH EQUITY";1
"BIRTH EXPERIENCES";1
"BIRTH FAMILY";1
"BIRTH GIVERS";1
"BIRTH JUSTICE-FOCUSED";1
"BIRTH OUTCOMES";1
"BIRTH PLANNING";1
"BIRTH PROFESSIONALS";1
"BIRTH RACE";1
"BIRTH RIGHTS";1
"BIRTH SPACING";1
"BIRTH WORKERS";1
"BIRTHING BLACKBOYJOY";1
"BIRTHING BODIES";1
"BIRTHING COMMUNITIES";1
"BIRTHING EXPERIENCES";1
"BIRTHING KNOWLEDGE";1
"BIRTHING RESTRICTIONS";1
"BIRTHRIGHT CITIZENSHIP";1
"BISEXUAL WOMEN";1
"BLACK ADOLESCENT";1
"BLACK BIRTH";1
"BLACK BOYS";1
"BLACK CELEBRITIES";1
"BLACK COMMUNITY";1
"BLACK FEMINISM";1
"BLACK FEMINISTS";1
"BLACK HEALTH";1
"BLACK INCARCERATED";1
"BLACK LIFE";1
"BLACK LITERATURE";1
"BLACK MAMAS";1
"BLACK MOTHER";1
"BLACK MOTHERWORK";1
"BLACK PREGNANCY-RELATED";1
"BLACK TRANS";1
"BLACK TRASH";1
"BLACKBOYJOY BLACK";1
"BLEED KILL";1
"BLOOD SPOT";1
"BLOODY MARVELS";1
"BLUEFIELDS NICARAGUA";1
"BMI REPRODUCTIVE";1
"BODIES BODY";1
"BODIES DELIVERING";1
"BODIES RAPE";1
"BODY-TERRITORIES UNDERSTANDING";1
"BODY ONTOLOGIES";1
"BODY POLITICS";1
"BODY REPRODUCTIVE";1
"BODY SIZE";1
"BOND POWER";1
"BONES MEANS";1
"BOONS POTENTIAL";1
"BORDER VIOLENCE";1
"BORDERLANDS WINNER";1
"BORDERS GLOBAL";1
"BORN REPRODUCTIVE";1
"BORN TRANSNATIONAL";1
"BOTTOM-UP ADVOCACY";1
"BRASILEIRO DE";1
"BRASILEÑA CON";1
"BRAZIL AMPLIFIED";1
"BRAZIL III";1
"BRAZIL LIÇÕES";1
"BRAZIL REVISITING";1
"BRAZILIAN BLACK";1
"BRAZILIAN CONTEXT";1
"BRAZILIAN WOMEN";1
"BRAZILS UNIFIED";1
"BREAKING FAMILIES";1
"BREAKING FREE";1
"BREAST MILK";1
"BREASTFEEDING PHYSICIANS";1
"BRIDGE BABIES";1
"BRIDGING SILOS";1
"BRITAIN INTRODUCTION";1
"BRITAIN PUNISHING";1
"BRITISH WELFARE";1
"BROADER UNDERSTANDING";1
"BRUNSWICK CANADA";1
"BUILD FEMINIST";1
"BUILDING COLLECTIVE";1
"BUILDING EQUITABLE";1
"BUILDING REPRODUCTIVE";1
"BYLLYE AVERY";1
"CALIFORNIA INDIANS";1
"CALIFORNIA WOMENS";1
"CANADA APOSS";1
"CANADAS CHEMICAL";1
"CANADIAN HISTORY";1
"CANCER CARE";1
"CANCER PREVENTION";1
"CANTONADA EXPLOTACIÓ";1
"CARCERAL REPRODUCTION";1
"CARCERAL SYSTEMS";1
"CARCERAL TOOL";1
"CARDIOVASCULAR DISEASES";1
"CARE ADVOCACY";1
"CARE DELIVERY";1
"CARE DESERT";1
"CARE DISMANTLING";1
"CARE DISSEMINATION";1
"CARE ENTANGLING";1
"CARE ETHICALLY";1
"CARE HISTORY";1
"CARE IMPLICATIONS";1
"CARE INTERACTIONS";1
"CARE ITINERARIES";1
"CARE LIMINALITY";1
"CARE PROVIDER";1
"CARE QUALITY";1
"CARE RELATIONSHIPS";1
"CARE REPRODUCTIVE";1
"CARE RESOURCES";1
"CARE SETTING";1
"CARE STRATEGIES";1
"CARE SYSTEMS";1
"CARE TACKLING";1
"CARE TEAM";1
"CARE TEAMS";1
"CAROLINA CHOOSING";1
"CAROLINAS IMPROVING";1
"CASE-BASED INTERACTIVE";1
"CASE-STUDY ANALYSIS";1
"CATALYZING ADVOCACY";1
"CATCHING FIRE";1
"CATHOLIC DIRECTIVES";1
"CAUCA REGION";1
"CAUTION LARCS";1
"CELEBRATING DIVERSITY";1
"CELEBRATION MEETS";1
"CELEBRITIES REPRODUCTIVE";1
"CEMETERIES REPRODUCTIVE";1
"CENTER ACTIVISM";1
"CENTERING BLACK";1
"CENTERING DISABILITY";1
"CENTERING EQUITY";1
"CENTERING REPRODUCTION";1
"CENTERING REPRODUCTIVE";1
"CENTERS MULTI-METHOD";1
"CENTERS REVIEWING";1
"CENTRE WEBSITES";1
"CENTURY AFRICA";1
"CENTURY PRESSURE";1
"CENTURY USA";1
"CERTIFIED NURSE-MIDWIVES";1
"CERVICAL-CANCER PREVENTION";1
"CHALLENGES ABORTION";1
"CHALLENGES ACCESSING";1
"CHALLENGES POWER";1
"CHALLENGING RACIALIZED";1
"CHALLENGING SYSTEMS";1
"CHANGE CONNECTING";1
"CHANGE SOCIOECONOMIC";1
"CHANGING DEMOGRAPHICS";1
"CHANGING OBSTETRICS";1
"CHANGING POLITICS";1
"CHARLES MILLSS";1
"CHAUCERS WENCHES";1
"CHEEKY WITNESSING";1
"CHEMICAL GEOGRAPHIES";1
"CHEMICAL VALLEY";1
"CHICAGO ABORTION";1
"CHICANA FEMINISMS";1
"CHICANA FEMINIST";1
"CHILD CHALLENGING";1
"CHILD LIST";1
"CHILD WELFARE";1
"CHILDBEARING WOMEN";1
"CHILDBIRTH ADVOCACY";1
"CHILDBIRTH EXPERIENCES";1
"CHILDFREE STERILIZATION";1
"CHILDHOOD ABUSE";1
"CHILDHOOD ARRIVALS";1
"CHILDIST KINSHIP";1
"CHILDREN ADOPTION";1
"CHILDREN AGED";1
"CHILDREN BEARING";1
"CHILDREN UNDUE";1
"CHINA-MYANMAR BORDER";1
"CHINA READING";1
"CHINESE AMERICAN";1
"CHINESE WOMENS";1
"CHOICE IMPLICATIONS";1
"CHOICE NARRATIVES";1
"CHOICE PARTNER";1
"CHOICE REPRODUCTIVE";1
"CHOICES LEARNINGS";1
"CHOICES REPRODUCTIVE";1
"CHOOSING CONTRACEPTIVES";1
"CHOOSING FOLK";1
"CHOOSING UNASSISTED";1
"CHOOSING WISELY";1
"CHRISTIAN ASSOCIATION";1
"CHRISTIAN DISCOURSE";1
"CHRISTIAN ETHICS";1
"CHRISTIAN VISION";1
"CHRISTMAS SEXUAL";1
"CHRONIC CONDITIONS";1
"CHRONIC ILLNESS";1
"CHURCH FEMINIST";1
"CIGUENASI RACE";1
"CINCINNATI POST-IROEI";1
"CISGENDER WOMEN";1
"CITATION NETWORK";1
"CITIZENSHIP GAPS";1
"CIVIC ENGAGEMENT";1
"CLAIMING MOTHERHOOD";1
"CLANDESTINITY STRATEGIC";1
"CLASS EDUCATED";1
"CLASSED CONSTRUCTIONS";1
"CLASSROOM TEACHING";1
"CLERGY SEXUAL";1
"CLIMATE EMERGENCY";1
"CLIMATE FRONTLINES";1
"CLIMATE JUSTICE-EXAMPLES";1
"CLIMATE POLITICS";1
"CLINICAL GUIDANCE";1
"CLINICAL PRACTICE";1
"CLINICAL SHARED";1
"CLINICAL TRAINING";1
"CLINICIANS PRACTICES";1
"CLINICS RETHINKING";1
"CLOSING DISPARITIES";1
"CO--OPTING REPRODUCTIVE";1
"CO-PRODUCED GESTATION";1
"COAST EXPLORING";1
"COAST TRIBE";1
"COCA FARMING";1
"COERCION LONG-ACTING";1
"COERCION SUPPORTING";1
"COHORT DEMOGRAPHICS";1
"COHORT STUDY";1
"COLLABORATIVE AUTOETHNOGRAPHIC";1
"COLLABORATIVE AUTOETHNOGRAPHY";1
"COLLECTIVE CARE";1
"COLLECTIVE POWER";1
"COLLECTIVE SOLIDARITY";1
"COLOMBIAN ADOLESCENTS";1
"COLOMBIAN ARMED";1
"COLOMBIAN TRUTH";1
"COLONIAL HAITI";1
"COLONIAL POLICIES";1
"COLONIALITY EUGENICS";1
"COLONIZATION RESISTANCE";1
"COLOR ACTIVISTS";1
"COLOR ASPIRING";1
"COLOR CHANGING";1
"COLOR ORGANIZATION";1
"COLOR UPROOTING";1
"COLORBLINDESS YOUTH";1
"COLORED GIRLS";1
"COLORED PEOPLE";1
"COMADRISMA MAMAS";1
"COMBAT REPRODUCTIVE";1
"COMMERCIAL SEXUAL";1
"COMMON AGENDA";1
"COMMON GROUNDS";1
"COMMUNICATION COUNSELING";1
"COMMUNICATION EDUCATION";1
"COMMUNICATION METHODS";1
"COMMUNICATION PEDAGOGY";1
"COMMUNICATION STRATEGY";1
"COMMUNICATION STUDIES";1
"COMMUNITY-BASED ORGANIZATIONAL";1
"COMMUNITY-BASED PARTICIPATORY";1
"COMMUNITY-BASED RESEARCH";1
"COMMUNITY-ENGAGED CURRICULUM";1
"COMMUNITY-INFORMED MODELS";1
"COMMUNITY-LED MEDIA";1
"COMMUNITY-LED MEDICATION";1
"COMMUNITY-LED RESEARCH";1
"COMMUNITY DEVELOPMENT";1
"COMMUNITY IMPACTED";1
"COMMUNITY IUSING";1
"COMMUNITY OUTCOMES";1
"COMMUNITY PROPERTY";1
"COMMUNITY RESISTANCE";1
"COMPANION PROGRAM";1
"COMPARATIVE ANALYSIS";1
"COMPARATIVE EFFECTIVENESS";1
"COMPARATIVE SITUATIONAL";1
"COMPASSION EMOTION";1
"COMPASSION FEMALE";1
"COMPENSATED SURROGACY";1
"COMPETENT CONTRACEPTIVE";1
"COMPLEX INTERPLAY";1
"COMPLEX INTERSECTIONS";1
"COMPLICATED BIRTH";1
"COMPLICATING CARE";1
"COMPOUND COMMUNITY";1
"COMPREHENSIVE ABORTION";1
"COMPREHENSIVE SEX";1
"COMPREHENSIVE SEXUAL";1
"COMPREHENSIVE SEXUALITY";1
"COMPROMISING JUSTICE";1
"COMPULSORY STERILIZATION";1
"COMRADELY POLITICS";1
"CON VISIÓN";1
"CONCEPTION INTERVENTIONS";1
"CONCEPTUAL ANATOMY";1
"CONCEPTUAL ORIENTATIONS";1
"CONCEPTUALIZING ABORTION";1
"CONCERNS REPRODUCTIVE";1
"CONCLUSION-MEDICAL THEATER";1
"CONDITIONAL AGENCY";1
"CONFLICTING KINSHIP";1
"CONFRONTING REPRODUCTIVE";1
"CONGOLESE REFUGEE";1
"CONNECTING GENDERED";1
"CONNECTING POLICE";1
"CONSENSUAL SEXUAL";1
"CONSENT WOMENS";1
"CONSEQUENCE AUGUST";1
"CONSEQUENCES RESULTING";1
"CONSERVATIVE LAESTADIANS";1
"CONSIDERED SUICIDEWHEN";1
"CONSORTIUM INITIATIVE";1
"CONTAMINATED SITE";1
"CONTAMINATION TOXIC";1
"CONTEMPORARY BLACK";1
"CONTEMPORARY DISCOURSES";1
"CONTEMPORARY JAPANESE";1
"CONTEMPORARY SEXUAL";1
"CONTEMPORARY SEXUALITY";1
"CONTEMPORARY SPANISH";1
"CONTEMPORARY STERILISATIONS";1
"CONTENT ANALYSIS";1
"CONTESTED WOMANHOOD";1
"CONTEXT SOUTH";1
"CONTEXTO BRASILEIRO";1
"CONTEXTUAL APPROACH";1
"CONTEXTUALIZE INDIGENOUS";1
"CONTINUING HARMS";1
"CONTINUOUS REPRODUCTIVE";1
"CONTRACEPTION APPLIED";1
"CONTRACEPTION CARE";1
"CONTRACEPTION COUNSELING";1
"CONTRACEPTION DESERTS";1
"CONTRACEPTION ENSURING";1
"CONTRACEPTION ETHICAL";1
"CONTRACEPTION HORMONAL";1
"CONTRACEPTION ICARE";1
"CONTRACEPTION OPTIONS";1
"CONTRACEPTION PROGRAMS";1
"CONTRACEPTION PROMOTION";1
"CONTRACEPTION RATES";1
"CONTRACEPTION SERVICES";1
"CONTRACEPTION TARGETING";1
"CONTRACEPTION UTILIZATION";1
"CONTRACEPTIVE CHOICES";1
"CONTRACEPTIVE COVERAGE";1
"CONTRACEPTIVE DRUG";1
"CONTRACEPTIVE EXPERIENCE";1
"CONTRACEPTIVE EXPERIENCES";1
"CONTRACEPTIVE PILL";1
"CONTRACEPTIVE PRESSURE";1
"CONTRACEPTIVE RISK";1
"CONTRACEPTIVE SELECTION";1
"CONTRACEPTIVE SERVICES";1
"CONTRACEPTIVE TECHNOLOGIES";1
"CONTRADICT MEDICAL";1
"CONTROL BAN";1
"CONTROL MAKES";1
"CONTROL REPRODUCTIVE";1
"CONTROLLING IMAGES";1
"CONTROLLING REPRODUCTION";1
"CONTROVERSIES RIGHTS";1
"CONVERGING ENVIRONMENTAL";1
"CONVIVIALITIES BRAZILIAN";1
"CORE COMPETENCIES";1
"CORNER REPRODUCTIVE";1
"COSTA RICA";1
"COUNSELING ADOLESCENTS";1
"COUNSELING SHARED";1
"COUNSELING TRAINING";1
"COUNSELING WHATS";1
"COUNSELLING CONTROVERSIES";1
"COUNSELOR BIAS";1
"COUNTER-HEGEMONIC REPRODUCTIVE";1
"COUNTER NARRATIVES";1
"COUNTER THEORY-BASED";1
"COUNTERING CONTEMPORARY";1
"COUNTERING RENEWED";1
"COUNTING LIFE";1
"COUNTRIES LMICS";1
"COUNTRY EXAMINING";1
"COUPLES DESIRING";1
"COURAGE BIOETHICS";1
"COURT DATA";1
"COURT DOBBS";1
"COURTS PUBLIC";1
"COV ID-";1
"COVERAGE GAP";1
"COVID- PANDEMICS";1
"COVID ADDRESSED";1
"CRAIG ERA";1
"CREAR-PERRY COLLABORATING";1
"CREATING RESPONSE-ABLE";1
"CREOLE CHRISTMAS";1
"CRIMINAL DEFENSE";1
"CRIMINAL JUSTICE";1
"CRIMINAL LAW";1
"CRIMINALISATION ABORTION";1
"CRIMINALIZATION ABORTION";1
"CRIMINALIZE PARENTING";1
"CRIMINALIZED LATINA";1
"CRIMINOLOGY IM";1
"CRIP PERSPECTIVES";1
"CRISPR ENTERS";1
"CRISTIAN MUNGIUS";1
"CRÍTICA EM";1
"CRITICAL-CONCEPTUAL FRAMEWORK";1
"CRITICAL COMMUNICATION";1
"CRITICAL EDUCATION";1
"CRITICAL HEALTH";1
"CRITICAL INTERPRETATIVE";1
"CRITICAL LITERACIES";1
"CRITICAL PSYCHOLOGY";1
"CRITICAL RACE";1
"CRITICAL REFLECTION";1
"CRITICAL REPARATIVE";1
"CRITICAL REPRODUCTIVE";1
"CRITICAL SCOPING";1
"CRITICAL TOOLS";1
"CROSS-BORDER REPRODUCTION";1
"CROSS-BORDER TRAVEL";1
"CROSS-CULTURAL HEALTHCARE";1
"CROSS-FERTILISING REPRODUCTION";1
"CROSS-SPECIES ASSEMBLAGES";1
"CULTIVATING ACCESS";1
"CULTIVATING CONNECTIONS";1
"CULTIVATING IGNORANCE";1
"CULTIVATING VITAL";1
"CULTIVATION RUTH";1
"CULTURAL ASSUMPTIONS";1
"CULTURAL CONTEXTS";1
"CULTURAL DE-COLONIZATION";1
"CULTURAL HUMILITY";1
"CULTURAL LITERACY";1
"CULTURAL NARRATIVES";1
"CULTURAL RESPONSES";1
"CULTURALLY SAFE";1
"CULTURALLY SPECIFIC";1
"CULTURE CONTRACEPTION";1
"CULTURE INOT";1
"CULTURE STUDIES";1
"CURRENT EVIDENCE";1
"CURRENT FIGHT";1
"CURRENT TRENDS";1
"CURRICULUM COVERAGE";1
"CURRICULUM DEVELOPMENT";1
"CUT KIN";1
"CYBORG UTERINE";1
"CYCLE ARTISTS";1
"DA AUDIÊNCIA";1
"DA MATERNIDADE";1
"DA VIOLÊNCIA";1
"DAILY REMINDER";1
"DANIEL CRAIG";1
"DAPIVIRINE RING";1
"DARK ROAD";1
"DAUGHTER KAKUYA";1
"DAY EXAMINING";1
"DE-COLONIZATION VERSUS";1
"DE-CONSTITUTIONALIZING ABORTION";1
"DE COVID-";1
"DE ESCOPO";1
"DE GÉNERO";1
"DE PLANIFICACIÓN";1
"DE QUEER";1
"DE SALUD";1
"DE SAÚDE";1
"DE SUBSTITUTION";1
"DE UMA";1
"DE VIOLÊNCIA";1
"DEAF COMMUNITY";1
"DEAF PEOPLES";1
"DEAL CHALLENGES";1
"DEATH RATES";1
"DEATH RETHINKING";1
"DEBATE BINARY";1
"DEBATE SOBRE";1
"DECISION-MAKING MODEL";1
"DECISION ABORTION";1
"DECISION REPRODUCTIVE";1
"DECOLONIAL FEMINIST";1
"DECOLONIAL QUEER";1
"DECOLONIAL REPRODUCTIVE";1
"DECOLONIZED MENTAL";1
"DECOLONIZING ADOPTION";1
"DECOLONIZING FEMINISM";1
"DECOLONIZING NURSING";1
"DECOUPLING ECONOMIC";1
"DECRIMINALIZATION IRISH";1
"DEEPLY ROOTED";1
"DEFAULT HUMAN";1
"DEFEAT MISCARRIAGE";1
"DEFECTS RESEARCH";1
"DEFENDING ABORTION";1
"DEFENSE ATTORNEYS";1
"DEFERRED ACTION";1
"DEFINING SEXUAL";1
"DEFINITION ABORTION";1
"DEGRADATION RACIAL";1
"DEL POLÍGONO";1
"DELIBERATE DELAYS";1
"DELINEAMENTO DE";1
"DELIVERING POWER";1
"DELPHI CONSENSUS";1
"DELPHI STUDY";1
"DEMAND INSURANCE";1
"DEMOCRACY REAL";1
"DEMOGRAPHIC HISTORIES";1
"DEMONSTRATION PROGRAM";1
"DEN GESCHLECHTERN";1
"DENSE TEMPORALITIES";1
"DEPLOY IDEAS";1
"DEPOLITICISED EPIDEMIC";1
"DEPRESSIVE SYMPTOMOLOGY";1
"DER UNGLEICHHEITEN";1
"DESAFIOS TEÓRICO-POLÍTICOS";1
"DESENVOLVIMENTO SUSTENTÁVEL";1
"DESIGN COMMUNICATION";1
"DESIRING CHILDREN";1
"DETENTION SYSTEM";1
"DEVELOPMENT GOALS";1
"DEVELOPMENT IMPLEMENTATION";1
"DEVELOPMENT OBJECTIVES";1
"DEVELOPMENT URBAN";1
"DEVELOPMENTAL DISABILITIES";1
"DEVELOPMENTAL ISSUES";1
"DEVICE INSERTIONAL";1
"DEVIL ADVOCATING";1
"DEVIS GIRIBALA";1
"DIAS PORA";1
"DIASPORA SPEAKING";1
"DIE ANONYME";1
"DIE BABY-HUNGER";1
"DIFFICULT DISCONTINUATION";1
"DIFFICULT QUESTIONS";1
"DIFFRACTIVE SWIMMING";1
"DIGITAL SNAPSHOT";1
"DIGITAL STORYTELLING";1
"DIGITAL TECHNOLOGIES";1
"DIGNIFIED CARE";1
"DIRECT-TO-CONSUMER GENETIC";1
"DIRECT SERVICE";1
"DIRECTIVES CONTRADICT";1
"DIRECTIVES PROMOTING";1
"DIREITOS HUMANOS";1
"DISABILITIES IREPRODUCTIVE";1
"DISABILITY BIOETHICS";1
"DISABILITY JUSTICEI";1
"DISABILITY RACE";1
"DISABILITY SELECTIVE";1
"DISABILITY STUDIES";1
"DISABILITY VISIBILITY";1
"DISABLED BABIESHOW";1
"DISABLED WOMENS";1
"DISARTICULATORY PRACTICE";1
"DISASTER RESPONSE";1
"DISCLOSING DOMESTIC";1
"DISCOMFORTING NARRATIVE";1
"DISCONTINUING LONG-ACTING";1
"DISCORDANT EXPECTATIONS";1
"DISCOURSE VIS-À-VIS";1
"DISCOURSE WOMENS";1
"DISCRIMINATION IMPACTS";1
"DISCRIMINATORY ACCURACY";1
"DISCUSSING LESSONS";1
"DISINFORMATION ANTI-FEMINISMS";1
"DISMANTLING BARRIERS";1
"DISMANTLING INEQUITIES";1
"DISORDER INCREASES";1
"DISPARITIES RESEARCH";1
"DISRUPTED MASS";1
"DISRUPTING FAMILY";1
"DISSENT REPRODUCTIVE";1
"DISSENTING FICTION";1
"DISTORTED RELATIONSHIPS";1
"DIVERSE INDIVIDUALS";1
"DIVERSE PATIENTS";1
"DIVERSE PEOPLE";1
"DIVERSE POPULATIONS";1
"DIVERSE SEXUAL";1
"DIVERSE STAKEHOLDERS";1
"DIVERSITY INCLUSION";1
"DIVIDED CITIZENSHIP";1
"DIY MEDIA-MAKING";1
"DOBBS DECISION";1
"DOBBS REPRODUCTIVE";1
"DOBBS RULING";1
"DOBBS WROUGHT";1
"DOBBSI LANDSCAPE";1
"DOCTORS DUTY";1
"DOCTORS ROE";1
"DOCUMENTARY FILM";1
"DOCUMENTING REPRODUCTIVE";1
"DOMINANT CULTURAL";1
"DONATION PRACTICES";1
"DONOR-FUNDED REPRODUCTIVE";1
"DONOR ANONYMITY";1
"DONOR FEAR";1
"DONOR INSEMINATION";1
"DONOR SPERM";1
"DONORS ONLINE";1
"DONT REGRET";1
"DORADO FIRE";1
"DOS OBJETIVOS";1
"DOUBLE EDGE";1
"DOUBLY ROBUST";1
"DOULA CARE";1
"DOULAS BLACK";1
"DROMGOOLES BILLION";1
"DRUG ADDICT";1
"DRUG INTERACTION";1
"DRUGS ACCESS";1
"DUMP FERAL";1
"DURCH ANTI-ABTREIBUNGSREFORMEN";1
"DYING BLACK";1
"DYSFUNCTIONAL POPULATION";1
"DYSTOPIC CONDITIONS";1
"EARTH ENVIRONMENTAL";1
"EASY LEGAL";1
"EASY READ";1
"ECOFEMINIST COMMUNICATION";1
"ECOFEMINIST EDUCATION";1
"ECOFEMINIST ENVIRONMENTAL";1
"ECOLOGIC STUDY";1
"ECOLOGICAL FRAMEWORK";1
"ECOLOGICAL RESISTANCE";1
"ECONOMICALLY MARGINALIZED";1
"ECOSOCIAL ANALYSIS";1
"ECTOGENESIS INEQUALITY";1
"ECTOGENESIS REDISTRIBUTE";1
"ECTOGENESIS REPRODUCTIVE";1
"ECUADOR FICCIONES";1
"ECUADORIAN CHILDREN";1
"EDGES POLITICS";1
"EDITING INTERNATIONAL";1
"EDITORIAL HEALTH";1
"EDITORS INTRODUCTION";1
"EDUCATED HOPE";1
"EDUCATED WHITE";1
"EDUCATION FRAMEWORK";1
"EDUCATION PRACTICE";1
"EDUCATION REPRODUCTIVE";1
"EDUCATION RESULTS";1
"EDUCATIONAL ACCESS";1
"EDUCATIONAL ASPIRATIONS";1
"EDUCATIONAL RESEARCH";1
"EDUCATORS DEMONSTRATE";1
"EGALITARIAN FRAMING";1
"EGG CAPITALISM";1
"EGG DONATION";1
"EGG PROVIDERS";1
"EGGS VIVIENNE";1
"EL DORADO";1
"EL POSTHUMANISME";1
"EL PROGRAMA";1
"EL SISTEMA";1
"ELEVATING MOTHERS";1
"ELIGIBILITY CRITERIA";1
"EMBODIED ABOLITION";1
"EMBODIED ENCOUNTERS";1
"EMBODIED GEOGRAPHIES";1
"EMBODIED REFLECTION";1
"EMBODIED RHETORIC";1
"EMBODIED TECHNOFEMINIST";1
"EMBODIED THEORY";1
"EMBODYING RESISTANCE";1
"EMBRYO EDITING";1
"EMERGENCE INTERSECTIONAL";1
"EMERGENCY CLINICIANS";1
"EMERGENCY DEPARTMENT";1
"EMERGENCY MEDICINE";1
"EMERGENT LATINO";1
"EMERGING ADULTHOOD";1
"EMERGING ADULTS";1
"EMERGING CONCEPT";1
"EMILY ST";1
"EMOTIONAL CONSTRUCTION";1
"EMOTIONALLY PSYCHO";1
"EMOTIONS SHAPE";1
"EMPLOY FEMINIST";1
"EMPLOYER-SPONSORED REPRODUCTION";1
"EMPLOYMENT LAW";1
"EMPLOYMENT PROTECTIONS";1
"EMPOWER MEDICAL";1
"EMPOWERING ADOLESCENTS";1
"EMPOWERING PROCESSES";1
"EMPOWERING ROMA";1
"EMPOWERMENT EVALUATION";1
"EN EL";1
"EN MUJERES";1
"EN URUGUAY";1
"ENACTING FEMINIST";1
"ENACTING REPRODUCTIVE";1
"ENDOMETRIAL CANCER";1
"ENERGIZING RHETORICS";1
"ENGAGING DIY";1
"ENGENDERING LEGAL";1
"ENHANCE RESEARCH";1
"ENHANCED CONTRACEPTIVE";1
"ENHANCING PRENATAL";1
"ENHANCING REPRODUCTIVE";1
"ENLIGHTENING REPRODUCTIVE";1
"ENSURE ACCESS";1
"ENSURING ACCESS";1
"ENSURING EQUITABLE";1
"ENSURING REPRODUCTIVE";1
"ENTANGLING STRUGGLES";1
"ENTRETIEN AVEC";1
"ENVIRONMENTAL CONTAMINATION";1
"ENVIRONMENTAL DEGRADATION";1
"ENVIRONMENTAL EXPOSURES";1
"ENVIRONMENTAL INJUSTICE";1
"ENVIRONMENTAL POLITICS";1
"ENVIRONMENTAL VIOLENCE";1
"EPIDEMIC CONTROL";1
"EPIDEMIOLOGY ETHICS";1
"EPISTEMIC HETEROGENEITY";1
"EQUAL EXCHANGE";1
"EQUAL OPPORTUNITY";1
"EQUALITY-BASED APPROACH";1
"EQUALITY RACE";1
"EQUITABLE MATERNAL";1
"EQUITABLE PARTNERSHIPS";1
"EQUITY ADDRESSING";1
"EQUITY DIVERSITY";1
"EQUITY LESSONS";1
"EQUITY RESEARCH";1
"EQUITY SESSION";1
"EQUITY STRUCTURES";1
"ERA EXAMINING";1
"ERA REPRODUCTIVE";1
"ERAI CONCLUSION";1
"ERASE DISABLED";1
"ERASURE TRANS";1
"ERDRICHS FUTURE";1
"ERNAUXS LÉVÈNEMENT";1
"ESCOPO MATERNIDADE";1
"ESSENTIAL COMPONENTS";1
"ESSENTIALISM REPRODUCTIVE";1
"ESTABLISHING IDENTITY";1
"ESTABLISHING MEDICATION";1
"ETHICAL ANALYSIS";1
"ETHICAL FRAMEWORK";1
"ETHICAL HEALTH";1
"ETHICAL MANDATE";1
"ETHICAL NARRATIVE";1
"ETHICAL REPRODUCTIVE";1
"ETHICALLY JUSTIFIABLE";1
"ETHICS BIRTH";1
"ETHICS EDUCATION";1
"ETHICS OPINIONS";1
"ETHICS SUPPORTING";1
"ETHNIC DISPARITIES";1
"ETHNOGRAPHIC EXPLORATIONS";1
"ETONOGESTREL SUBDERMAL";1
"EUGENIC STERILISATION";1
"EUGENIC STERILIZATION";1
"EUGENICS EXPANDING";1
"EUGENICS POPULATION";1
"EUGENICS PROGRAMS";1
"EUGENICS REPRODUCTIVE";1
"EUROPEAN COUNTRIES";1
"EVALUATION CLINICS";1
"EVALUATION KEY";1
"EVANGELICAL WOMENS";1
"EVER-TIGHTENING CHOKEHOLD";1
"EVERYDAY BORDERING";1
"EVERYDAY LIVES";1
"EVERYDAY MIDWIFERY";1
"EVERYDAY PRACTICES";1
"EVICTION TRAJECTORIES";1
"EVIDENCE-BASED SAFER";1
"EVIDENCE HARM";1
"EVIDENCE HEALTH";1
"EVOLUTION LIMITATIONS";1
"EVOLVING CARE";1
"EXAMINING CONTEXT";1
"EXAMINING CONTEXTS";1
"EXAMINING INDIGENOUS";1
"EXAMINING OBSTETRIC";1
"EXAMINING REACTIONS";1
"EXAMINING SOCIAL";1
"EXAMINING STRUGGLES";1
"EXAMINING UNMET";1
"EXCEPTION WEAK";1
"EXCEPTIONALISM EXPOSES";1
"EXERCISING REPRODUCTIVE";1
"EXPANDING ELIGIBILITY";1
"EXPANDING PERSPECTIVES";1
"EXPANDING REPRODUCTIVE";1
"EXPECTATIONS ADDRESSING";1
"EXPECTATIONS UNMET";1
"EXPERIENCE BLACK";1
"EXPERIENCED PRETERM";1
"EXPERIENCES NAVIGATING";1
"EXPERIÊNCIA DA";1
"EXPERIENCING HOMELESSNESS";1
"EXPERIMENTAL POETICS";1
"EXPLANATORY MODELS";1
"EXPLOITATION EL";1
"EXPLOITATION QUEER";1
"EXPLORE NARRATIVES";1
"EXPLORE SEXUAL";1
"EXPLORE UNCERTAIN";1
"EXPLORING BLOOD";1
"EXPLORING CONTRACEPTIVE";1
"EXPLORING EGG";1
"EXPLORING SWEDISH";1
"EXPLOTACIÓ REPRODUCTIVA";1
"EXPONENTIAL REPRODUCTIVE";1
"EXTINCTION PHOBIA";1
"EXTRACTABILITY CENTRING";1
"EXTRACTION ENVIRONMENTAL";1
"FACING MEXICAN";1
"FACTORS AFFECTING";1
"FAILURE POLITICAL";1
"FAITHS VIEW";1
"FALLACY DECOLONIZATION";1
"FAMILIAR DEL";1
"FAMILIES ARTICLE";1
"FAMILIES LIMITING";1
"FAMILIES READING";1
"FAMILY CARE";1
"FAMILY FERTILITY";1
"FAMILY FORMATION";1
"FAMILY HAPPY";1
"FAMILY IMAGINARIES";1
"FAMILY MEDICINE";1
"FAMILY POLICING";1
"FAMILY THERAPISTS";1
"FARM LABOR";1
"FARMING COMMUNITIES";1
"FASCIST ENERGIZING";1
"FAT REPRODUCTIVE";1
"FAT RISK";1
"FAT SHAME";1
"FATNESS FERTILITY";1
"FEDERALISM DIVIDED";1
"FEDERALLY QUALIFIED";1
"FEET TREATMENT";1
"FEMALE FETICIDE";1
"FEMALE GENITAL";1
"FEMALE GENITALIA";1
"FEMALE STERILIZATION";1
"FEMALE VICTIMHOOD";1
"FEMALE VICTIMS";1
"FEMININE SUBJECTIVITY";1
"FEMINISM INTRODUCING";1
"FEMINISMS CHOICE";1
"FEMINISMS CORAJE";1
"FEMINIST ABORTION";1
"FEMINIST ACTIVISM";1
"FEMINIST AGENDA";1
"FEMINIST ANALYSIS";1
"FEMINIST APPROACH";1
"FEMINIST APPROACHES";1
"FEMINIST ART";1
"FEMINIST BYLLYE";1
"FEMINIST CHRISTIAN";1
"FEMINIST COALITIONS";1
"FEMINIST COLLECTIVE";1
"FEMINIST CRIMINOLOGY";1
"FEMINIST CRITIQUE";1
"FEMINIST DIAS";1
"FEMINIST DISABILITY";1
"FEMINIST FERTILITY";1
"FEMINIST FRONTIER";1
"FEMINIST GLOBAL";1
"FEMINIST IDEALS";1
"FEMINIST LEADERSHIP";1
"FEMINIST LEGAL";1
"FEMINIST METHODOLOGIES";1
"FEMINIST ORGANIZATIONS";1
"FEMINIST POLITICAL";1
"FEMINIST POLITICMAKING";1
"FEMINIST POLITICS";1
"FEMINIST PRAXES";1
"FEMINIST QUEER";1
"FEMINIST REFERENCES";1
"FEMINIST RETHINKING";1
"FEMINIST SOLIDARITIES";1
"FEMINIST SOLIDARITY";1
"FEMINIST SPATIAL";1
"FEMINIST STORYTELLING";1
"FEMINIST STRUGGLES";1
"FEMINIST STUDIES";1
"FEMINIST SUBJECTIVITIES";1
"FEMINIST VIEW";1
"FEMINISTINNEN HELFEN";1
"FEMINISTS WIEDERHERSTELLUNG";1
"FERAL SOCIALITY";1
"FERTILITY-A HUMAN";1
"FERTILITY AWARENESS";1
"FERTILITY CARE";1
"FERTILITY CENTRE";1
"FERTILITY CHILDBIRTH";1
"FERTILITY CLINIC";1
"FERTILITY CLINICS";1
"FERTILITY INTENTIONS";1
"FERTILITY PREFERENCES";1
"FERTILITY VIDAS";1
"FETAL ANOMALIES";1
"FETAL FETISH";1
"FETAL PERSONHOOD";1
"FICTION MIEKO";1
"FICTION RE-RIGHTING";1
"FIELD INFANT";1
"FIERCEST ADVOCATE";1
"FIGHTING MAD";1
"FIGO POSITION";1
"FILIPINO WOMENS";1
"FINAL FEMINIST";1
"FINALLY HOME";1
"FINANCIALIZED FUTURES";1
"FINNISH CONSERVATIVE";1
"FINNISH SPORT";1
"FIRE WOMENS";1
"FLEXIBLE FEMINISM";1
"FLORENCE KEITH-ROACHS";1
"FOETUS CEMETERIES";1
"FOLK HEALERS";1
"FOOD INSECURITY";1
"FOOD SOVEREIGNTY";1
"FORBIDDEN WOMBS";1
"FORCED STERILISATION";1
"FORCEDCOERCED STERILIZATION";1
"FORCING WOMEN";1
"FORENSIC EXAMS";1
"FORMATION CALIFORNIA";1
"FORMATIVE AUDIENCE";1
"FORMATIVE EVALUATION";1
"FORMATIVE RESEARCH";1
"FORUM RHETORICS";1
"FORWARD MOVING";1
"FORWARD PRECONCEPTION";1
"FORWARD STANDING";1
"FORWARD TRANSFORMATIVE";1
"FRAMEWORK IA";1
"FRAMEWORK MODEL";1
"FRAMEWORK Ψ";1
"FRAMING POST-ABORTION";1
"FRAMING REPRODUCTION";1
"FRANCISCO BAY";1
"FRANZMANNS BODIES";1
"FRAY LIMITATIONS";1
"FREE ABORTION";1
"FREEDOM DAY";1
"FREEDOM PROCREATIONAL";1
"FREEZING DEBATES";1
"FREEZING TECHNOLOGY";1
"FROZEN EMBRYOS";1
"FULL-SPECTRUM REPRODUCTIVE";1
"FUND APPLICANTS";1
"FUNDING FAMILY";1
"FUTILE UNBORN";1
"FUTURE ANCESTORS";1
"FUTURE HOME";1
"FUTURE INFORMED";1
"FUTURE RESEARCH";1
"FUTURES DECOLONIAL";1
"FUTURES DISCUSSING";1
"FUTURES POLYGENIC";1
"FUTURISM TRUST";1
"GAMBIA WINNER";1
"GAMETOGENESIS HOPES";1
"GAP WOMENS";1
"GARDASIL IMMIGRANT";1
"GENDER-INCLUSIVE CARE";1
"GENDER-INCLUSIVE LANGUAGE";1
"GENDER-INCLUSIVE POLYMATERNALISM";1
"GENDER EQUALITY";1
"GENDER ESSENTIALISM";1
"GENDER GEOGRAPHIES";1
"GENDER INCLUSIVITY";1
"GENDER INEQUALITIES";1
"GENDER INEQUALITY";1
"GENDER JUSTICE";1
"GENDER MINORITIES";1
"GENDER NONBINARY";1
"GENDER POLITICS";1
"GENDER RELATIONS";1
"GENDER REPRESENTATIONS";1
"GENDER ROLES";1
"GENDER THEORETICAL";1
"GENDER TRANSFORMATIVE";1
"GENDER TRANSGRESSION";1
"GENDERED JUSTICE";1
"GENDERED NECROPOLITICS";1
"GENDERED PERSPECTIVES";1
"GENDERED RACIAL";1
"GENDERED RESPONSIBILITY";1
"GENDERED VICTIMHOOD";1
"GENDERED VIOLENCE";1
"GENDERED WELL-BEING";1
"GENDERING TOXIC";1
"GENE-EDITING SPHERE";1
"GENE AGE";1
"GENERATION IMPACT";1
"GENERATION INTEGRATING";1
"GÊNERO DESAFIOS";1
"GENETIC BIOTECHNOLOGIES";1
"GENETIC COUNSELORS";1
"GENETIC DISEASE";1
"GENETIC MEDICINE";1
"GENETIC TECHNOLOGIES";1
"GENETIC TECHNOLOGIESI";1
"GENITAL CUTTING";1
"GEOGRAPHY COMPLICATING";1
"GEORGIA USA";1
"GEORGIAS HEARTBEAT";1
"GERMAN-LANGUAGE FICTION";1
"GESCHLECHTERN DURCH";1
"GESTATIONAL LABOR";1
"GIG ECONOMY";1
"GIRIBALA DHOWLI";1
"GIRLS COMMENT";1
"GIRLS IMPACTED";1
"GIRLS MATTER";1
"GIRLS MATTERING";1
"GITANAS EL";1
"GLOBAL ABORTION";1
"GLOBAL BODY";1
"GLOBAL CONCERN";1
"GLOBAL CONTEXT";1
"GLOBAL CONVERSATION";1
"GLOBAL FAMILY";1
"GLOBAL FEMINIST";1
"GLOBAL IMPACT";1
"GLOBAL INTIMACY";1
"GLOBAL NEOLIBERALISM";1
"GLOBAL PERSPECTIVE";1
"GLOBAL PERSPECTIVES";1
"GLOBAL WOMENS";1
"GLOBALIZED ERA";1
"GOALS ASSESSMENT";1
"GOLD MINING";1
"GONADAL VARIATIONS";1
"GOTHIC PREGNANCY";1
"GOVERNMENT TECHNOLOGIES";1
"GRAFTED TREES";1
"GREEN CRIMINOLOGY";1
"GROUNDI EPILOGUE";1
"GROWING RACIAL";1
"GUNTHER TEUBNER";1
"GYNECOLOGICAL GAZE";1
"GYNECOLOGY PAG";1
"GYNECOLOGY RESIDENCY";1
"HAGAR SARAH";1
"HANDMAID PROTESTS";1
"HANDMAIDS TALE";1
"HANDMAIDS TALEI";1
"HANDS HIERARCHIES";1
"HANDS IMPROVING";1
"HANDS WOMENS";1
"HAPPY FAMILY";1
"HAPPY MOTHERS";1
"HAPPY MOTHERSI";1
"HASHTAG FEMINISM";1
"HATH DOBBS";1
"HAUNTED NORDIC";1
"HEAL DISTORTED";1
"HEALERS VERSUS";1
"HEALTH-CARE ENCOUNTERS";1
"HEALTH APPROACH";1
"HEALTH BELIEF";1
"HEALTH CAMPAIGN";1
"HEALTH CENTER";1
"HEALTH CENTERS";1
"HEALTH CLASSROOM";1
"HEALTH CLINIC";1
"HEALTH CLINICAL";1
"HEALTH COALITION";1
"HEALTH COMMUNICATION";1
"HEALTH CONSEQUENCES";1
"HEALTH CONSULTATION";1
"HEALTH CONTROVERSIES";1
"HEALTH EQUITYI";1
"HEALTH ETHICALLY";1
"HEALTH EXPERIENCE";1
"HEALTH EXPERIENCES";1
"HEALTH HONORING";1
"HEALTH HOSPITALS";1
"HEALTH HUMANITIES";1
"HEALTH INITIATIVE";1
"HEALTH INTERNSHIP";1
"HEALTH INTERSECTIONALITY";1
"HEALTH INTRODUCING";1
"HEALTH ISSUE";1
"HEALTH KNOWLEDGE";1
"HEALTH MOVEMENTS";1
"HEALTH NURSING";1
"HEALTH ORGANIZATION";1
"HEALTH OUTCOMES";1
"HEALTH PRIORITIZING";1
"HEALTH PROGRAM";1
"HEALTH SERVICE";1
"HEALTH SYSTEMS";1
"HEALTH THEORIES";1
"HEALTHCARE DELIVERY";1
"HEALTHCARE PATHWAYS";1
"HEALTHCARE PROFESSIONALS";1
"HEALTHCARE PROVIDER";1
"HEALTHCARE SETTINGS";1
"HEARTBEAT BILL";1
"HERBAL ABORTIFACIENTS";1
"HIDDEN MOTHERS";1
"HIGH-RISK BODY";1
"HINDU BALINESE";1
"HISPANIC AMERICAN";1
"HISPANIC MOTHERS";1
"HISTORICAL APPROACH";1
"HISTORICAL LESSONS";1
"HISTORICAL TRAUMA";1
"HISTORY TRANS";1
"HIV-AFFECTED COUPLES";1
"HIVAIDS CRISIS";1
"HOBBY LOBBY";1
"HOME FEMINIST";1
"HOMELESSNESS ASSISTANCE";1
"HONG KONGS";1
"HOPE RAISED";1
"HORMONAL CONTRACEPTIVE";1
"HORMONAL METHODS";1
"HORMONE CONTRACEPTIVE";1
"HORTENSE SPILLERS";1
"HOSPITAL CARE";1
"HUMAN GENOME";1
"HUMAN MILK-EXPRESSION";1
"HUMAN SEXUALITY";1
"HUMAN SUFFERING";1
"HUMAN TRAFFICKING";1
"HUMANITIES CONSORTIUM";1
"HUMANIZING ACTS";1
"HYDE AMENDMENT";1
"HYPERTENSIVE DISORDERS";1
"HYSTERICAL SOLIDARITY";1
"I- CONCLUSION";1
"IA DAILY";1
"IA HOUSE";1
"IA REPRODUCTIVE";1
"IA VISION";1
"IAN ECOFEMINIST";1
"IAND GENETIC";1
"IAND WHITE";1
"IANDI POPULATION";1
"ICAN DEMONSTRATION";1
"ICE HEALTH";1
"ICSCMI REPRODUCTIVE";1
"ID- EQUITY";1
"IDEALIST RHETORIC";1
"IDEATH STRANDINGI";1
"IDENTIFY REPRODUCTIVE";1
"IDENTITY RESPONSE";1
"IDISABILITYI IAND";1
"IDOBBSI DECISION";1
"IDOBBSI LEAK";1
"IEMPOWERING WOMEN";1
"IESPANTA CIGUENASI";1
"IETHICAL LESSONS";1
"IGENDERI IDISABILITYI";1
"II DONT";1
"II IA";1
"II SOCIOECONOMIC";1
"II ULSTER";1
"III SURVEY";1
"IIMMIGRANT YOUTHS";1
"IJUSTICA REPRODUTIVAI";1
"IKELLIE TURTLE";1
"ILLEGAL ABORTION";1
"ILLEGALIZED MIGRANT";1
"ILLINOIS CONTRACEPTIVE";1
"ILLNESS DIAGNOSES";1
"ILLUMINATING SOLIDARITY";1
"ILORETTA ROSS";1
"IMAGES SHAPES";1
"IMAGINATION ADDRESSING";1
"IMAGINED CONSEQUENCES";1
"IMAGINING CHILDREN";1
"IMAGINING FUTURES";1
"IMAGINING REPRODUCTIVE";1
"IMARRIAGEI IAND";1
"IMMATERIAL INTIMACY";1
"IMMIGRANT WOMEN";1
"IMMOBILITY SPATIAL";1
"IMONEYI ISEXI";1
"IMPACTS BLACK";1
"IMPEDES PROGRESS";1
"IMPORTÂNCIA DOS";1
"IMPROVE BLACK";1
"IMPROVE EQUITABLE";1
"IMPROVE MATERNAL";1
"IMPROVED PATIENT-CENTERED";1
"IMPROVEMENT APPROACH";1
"IMPROVING COMMUNITY";1
"IMPROVING MATERNAL";1
"IMPROVING MEDICATION";1
"IMYCOPLASMA GENITALIUMI";1
"INADEQUATE OBSTETRIC";1
"INCARCERATED MOMS";1
"INCARCERATED MOTHERS";1
"INCARCERATED PEOPLE";1
"INCARCERATED PREGNANT";1
"INCARCERATION MATERNAL";1
"INCARCERATION PRISON";1
"INCEST EXCEPTIONS";1
"INCLUDING DISABLED";1
"INCLUDING REPRODUCTIVE";1
"INCORPORATING ACTIVIST-ORIENTED";1
"INCREASES TENFOLD";1
"INCREASINGLY ONLINE";1
"INDIA JUDGEMENT";1
"INDIA TRACING";1
"INDIA TREADING";1
"INDIAN CHILD";1
"INDIAN COMMUNITY";1
"INDIAN MOTHERHOOD";1
"INDIAN SURROGACY";1
"INDIAN WOMENS";1
"INDIAS POPULATION";1
"INDIGENOUS AUSTRALIAN";1
"INDIGENOUS BIRTHING";1
"INDIGENOUS BODY";1
"INDIGENOUS GULF";1
"INDIGENOUS HEALTH";1
"INDIGENOUS RELATIONALITY";1
"INDIGENOUS SELF-DETERMINING";1
"INDIGENOUS THEATRE";1
"INDIRECT IMPACTS";1
"INDIVIDUAL HETEROGENEITY";1
"INDIVIDUAL IMPLICATIONS";1
"INDUSTRIAL SECTORS";1
"INEQUALITY MATERNIDADES";1
"INEQUALITY METHODS";1
"INEQUALITY REPRODUCTIVE";1
"INEQUITIES EXPLORING";1
"INEQUITIES LENS";1
"INEQUITIES REPRODUCTIVE";1
"INEQUITIES RESEARCH";1
"INFANT-FEEDING OPTIONS";1
"INFANT DEATH";1
"INFANT MODEL";1
"INFANTICIDE IMPLICATIONS";1
"INFANTS RESTORING";1
"INFERTILITY ADVOCACY";1
"INFORM ACTION";1
"INFORM RESEARCH";1
"INFORMAL URBAN";1
"INFORMED ANALYSIS";1
"INFORMS RACIAL";1
"INFOVEILLANCE STUDY";1
"INFRASTRUCTURE DEFICITS";1
"INFUSING FEMINIST";1
"INHABIT ONESELF";1
"INIQUIDADES EM";1
"INJUSTICE IA";1
"INJUSTICE RECOGNIZING";1
"INJUSTICE STRIVING";1
"INJUSTICE TRANS";1
"INPATIENT CONTRACEPTION";1
"INPATIENT POSTPARTUM";1
"INSEMINATION FORCING";1
"INSERTIONAL PAIN";1
"INSERTIONS MANAGING";1
"INSIDEROUTSIDERS REPRODUCTIVE";1
"INSTITUTIONAL BARRIERS";1
"INSTITUTIONAL CATHOLIC";1
"INSTITUTIONAL CONSTRAINTS";1
"INSTITUTIONAL REFORMS";1
"INSTRUCTION MANUAL";1
"INSURANCE STATUS";1
"INSURGENT BODIES";1
"INTEGRADO DE";1
"INTEGRATED METHODS";1
"INTEGRATED NATIONAL";1
"INTEGRATED REPRODUCTIVE";1
"INTEGRATING ADOLESCENTS";1
"INTEGRATIVE REVIEW";1
"INTEGRATIVE VISION";1
"INTELLECTUALLY DISABLED";1
"INTENDED PARENTS";1
"INTENTIONAL MULTILINEAL";1
"INTERACTIVE CURRICULUM";1
"INTERACTIVE REPRODUCTIVE";1
"INTERACTIVE SMARTPHONE";1
"INTERDICTED MATERNITY";1
"INTERDISCIPLINARY SOLUTION";1
"INTERGENERATIONAL MALLEABILITY";1
"INTERGENERATIONAL TRIALOGUE";1
"INTERNAL MEDICINE";1
"INTERNATIONAL CANONS";1
"INTERNATIONAL CONFERENCE";1
"INTERNATIONAL PERSPECTIVES";1
"INTERNATIONAL SOLIDARITY";1
"INTERNATIONAL SURROGACY";1
"INTERNATIONAL VIEW";1
"INTERNATIONALIST GENEALOGY";1
"INTERNSHIP PROGRAM";1
"INTERPRETATIVE REVIEW";1
"INTERPROFESSIONAL PRIMARY";1
"INTERROGATING COUNTER";1
"INTERSECCIONALIDADE DIREITOS";1
"INTERSECTIONAL ANALYSIS";1
"INTERSECTIONAL CHICANA";1
"INTERSECTIONAL CLIMATE";1
"INTERSECTIONAL CONVIVIALITIES";1
"INTERSECTIONAL DISCOURSES";1
"INTERSECTIONAL ECOFEMINIST";1
"INTERSECTIONAL ENVIRONMENTAL";1
"INTERSECTIONAL EXAMINATION";1
"INTERSECTIONAL FEMINIST";1
"INTERSECTIONAL MOBILIZATION";1
"INTERSECTIONAL MULTILEVEL";1
"INTERSECTIONAL POLITICS";1
"INTERSECTIONAL PRAXIS";1
"INTERSECTIONAL READINGS";1
"INTERSECTIONAL RHETORICAL";1
"INTERSECTIONAL SATURATION";1
"INTERSECTIONAL SCIENCE";1
"INTERSECTIONAL SEXUALITY";1
"INTERSECTIONAL SOLIDARITY";1
"INTERSECTIONAL STRATEGIES";1
"INTERSECTIONALITY GENDERED";1
"INTERSECTIONALITY ITHE";1
"INTERSECTIONS REPRODUCTIVE";1
"INTERSEX QUEER";1
"INTERVENTION RHETORICALLY";1
"INTIMACY DESIRE";1
"INTIMATE PARTNER";1
"INTRAPARTUM CARE";1
"INTRAUTERINE CONTRACEPTION";1
"INTRODUCING TRANSCENDING";1
"INTRODUCTION GENDER";1
"INTRODUCTION LEGAL";1
"INTRODUCTION SECURING";1
"INTRODUCTION SIJ";1
"INTRODUCTION WEIGHING";1
"INTRODUCTION WOMENS";1
"INVENTAIRE DE";1
"INVISIBLE RESPONSIBLE";1
"INVOLVING PREGNANT";1
"IPRECARIOUS LIVESI";1
"IRACE REPRODUCTIVE";1
"IRELAND CRITIQUE";1
"IRELAND IKELLIE";1
"IRELAND JUNE";1
"IRELANDS CAMPAIGN";1
"IREPRODUCTIVE JUSTICEI";1
"IREPRODUCTIVE TECHNOLOGIES";1
"IRISH CONTEXT";1
"IRISH FEMINIST";1
"IRISH REPEAL";1
"IROEI HISTORICAL";1
"IROEI IVI";1
"IROEI TEACHING";1
"ISASSAFRASS CYPRESS";1
"ISAVING DELANEYI";1
"ISEXI IMARRIAGEI";1
"ISLAMIC MEDICAL";1
"ISLAND CROSSING";1
"ISLANDER YOUTH";1
"ISSUE ANALYSING";1
"ISSUE FRAMING";1
"ISSUE INTRODUCTION";1
"ISSUE REPRODUCTIVE";1
"ISSUES RESEARCH";1
"ISTATIONI IELEVENI";1
"ITALIAN LITERATURE";1
"ITALYS FOETUS";1
"ITHE HANDMAIDS";1
"ITHE MOVEMENT";1
"IUD EXPECTATIONS";1
"IUD INSERTION";1
"IUD INSERTIONS";1
"IUD SELF-REMOVAL";1
"IV LATIN";1
"IVF REFLECTIONS";1
"IVI IWADEI";1
"JACKSON EMPOWERING";1
"JAIL CARCERAL";1
"JAMES BOND";1
"JANAINA QUIRINO";1
"JAPANESE AMERICAN";1
"JAPANESE WOMENS";1
"JEN JORDANS";1
"JERSEY SOCIAL";1
"JESMYN WARDS";1
"JIANS NOVE";1
"JOHN MANDELS";1
"JOIA CREAR-PERRY";1
"JORDANS DISSENT";1
"JOURNEYS STIGMA";1
"JUSTICE-CENTERED PARADIGM";1
"JUSTICE-FOCUSED VOLUNTEER";1
"JUSTICE-INFORMED ANALYSIS";1
"JUSTICE-INFORMED SHIFT";1
"JUSTICE-INVOLVED BLACK";1
"JUSTICE-INVOLVED LATINA";1
"JUSTICE ACCOUNT";1
"JUSTICE ACTIVIST";1
"JUSTICE ADOLESCENT";1
"JUSTICE ADOPTION";1
"JUSTICE ADVENTURES";1
"JUSTICE AGENDA";1
"JUSTICE ANALYSISI";1
"JUSTICE ANALYZING";1
"JUSTICE ANTI-GENDER";1
"JUSTICE BIRTHRIGHT";1
"JUSTICE BLACK";1
"JUSTICE BODILY";1
"JUSTICE BORN";1
"JUSTICE CENTERING";1
"JUSTICE CIVIC";1
"JUSTICE COALITIONAL";1
"JUSTICE CONCERN";1
"JUSTICE CONCERNS";1
"JUSTICE DE-CONSTITUTIONALIZING";1
"JUSTICE DEAF";1
"JUSTICE DEMAND";1
"JUSTICE DIRECT";1
"JUSTICE DIRECTIONS";1
"JUSTICE DISCOURSE";1
"JUSTICE DISRUPTED";1
"JUSTICE DOMESTIC";1
"JUSTICE DOULAS";1
"JUSTICE EMERGENCE";1
"JUSTICE EXPLORING";1
"JUSTICE FRAMING";1
"JUSTICE FUTURISM";1
"JUSTICE GENDERED";1
"JUSTICE GLOBALLY";1
"JUSTICE HISTORY";1
"JUSTICE HOLDING";1
"JUSTICE IADVENTURES";1
"JUSTICE IAN";1
"JUSTICE IEMPOWERING";1
"JUSTICE ILLUMINATING";1
"JUSTICE INCORPORATING";1
"JUSTICE INDIGENOUS";1
"JUSTICE INEQUALITIES";1
"JUSTICE INFORMED";1
"JUSTICE INTERSECTIONS";1
"JUSTICE IV";1
"JUSTICE JESMYN";1
"JUSTICE LANDSCAPE";1
"JUSTICE LAWYERING";1
"JUSTICE LEARNING";1
"JUSTICE MARY";1
"JUSTICE MATTER";1
"JUSTICE MEMORIES";1
"JUSTICE MIGRANT";1
"JUSTICE MINDSET";1
"JUSTICE MOVING";1
"JUSTICE NAVIGATING";1
"JUSTICE NON-INTERFERENCE";1
"JUSTICE POLICY";1
"JUSTICE POPULATION";1
"JUSTICE PREVENTABLE";1
"JUSTICE PROTESTS";1
"JUSTICE PSYCHOLOGY";1
"JUSTICE PUBLIC";1
"JUSTICE QUEER";1
"JUSTICE RE-CONSTRUCTS";1
"JUSTICE READING";1
"JUSTICE RECONCEIVED";1
"JUSTICE REFLECTIONS";1
"JUSTICE REPRODUCTIVE";1
"JUSTICE RESPONSE";1
"JUSTICE REVITALISING";1
"JUSTICE RHETORICS";1
"JUSTICE SITUATED";1
"JUSTICE SOVEREIGNTY";1
"JUSTICE SPECIAL";1
"JUSTICE SURROGACY";1
"JUSTICE SYSTEMS";1
"JUSTICE THEORY";1
"JUSTICE TO-COME";1
"JUSTICE TOOLKIT";1
"JUSTICE TRAINING";1
"JUSTICE TRANSNATIONALLY";1
"JUSTICE UNMET";1
"JUSTICE VACCINE";1
"JUSTICE WOMEN";1
"JUSTICECARE APPROACH";1
"JUSTIFYING ABORTION";1
"JUVENTUDE GÊNERO";1
"KAKUYA IMAGINING";1
"KANN DIE";1
"KAWAKAMIS BREASTS";1
"KEETOOWAH EXPERIENCES";1
"KEITH-ROACHS EGGS";1
"KEN LOACHS";1
"KEY METHODOLOGY";1
"KEY QUESTIONS";1
"KEY STAKEHOLDERS";1
"KIDS REPRODUCTIVE";1
"KIDSI REPRODUCTIVE";1
"KILL CUT";1
"KILLING BLACK";1
"KILLING DISABLED";1
"KIN IANDI";1
"KIN UTERINE";1
"KINDRED SPIRITS";1
"KINSHIP GRAMMARS";1
"KNOWLEDGE ATTITUDES";1
"KNOWLEDGE UNRAVELLING";1
"KNOWLEDGES DECENTERING";1
"KOMMUNIKATIONSMATRIXVON GUNTHER";1
"KONGS ANTI-ELAB";1
"LA CANTONADA";1
"LA MATERNITÉ";1
"LA QUEER";1
"LABOR REPRODUCTIVE";1
"LABOUR DALIT";1
"LABOUR PAIN";1
"LADY NORMATIVE";1
"LAESTADIAN DESIRE";1
"LAESTADIAN WOMEN";1
"LAESTADIANS BIRTH";1
"LANDSCAPE CHICANA";1
"LARC REMOVAL";1
"LARCS BOONS";1
"LARGER CULTURAL";1
"LARISSA LAIS";1
"LAS KELLYS";1
"LATINAO TEENAGE";1
"LATINAS SEXUAL";1
"LATINAX FEMINIST";1
"LATINO COMMUNITY";1
"LATINX ADOLESCENTS";1
"LATINX FEMINIST";1
"LATINX WOMEN";1
"LAW ACTIVISM";1
"LAW PRACTICE-LED";1
"LAW RACE";1
"LAWFUL SINNERS";1
"LAWI INTRODUCTION";1
"LAWS PERPETUATE";1
"LAWS RESTRICTING";1
"LBTQ PARENTS";1
"LEAD CRISIS";1
"LEADERSHIP SUCCESSION";1
"LEARNING GUIDE";1
"LEARNING OUTCOMES";1
"LEGAL-SOCIAL ISSUES";1
"LEGAL AMBIVALENCE";1
"LEGAL FRAMEWORK";1
"LEGAL PATRIARCHY";1
"LEGAL PLURALISM";1
"LEGAL RECOMMENDATIONS";1
"LEGAL SAFE";1
"LEGAL STATUS";1
"LEGAL STORIES";1
"LEGALLY RECOGNIZING";1
"LEISURE SURFEMINISM";1
"LESBIAN THEORIZATIONS";1
"LESSONS BLACK";1
"LGBTQ WOMEN";1
"LGBTQI SEXUAL";1
"LIBERAL APPROACHES";1
"LIBERATE BLACK";1
"LIBERATION REPRODUCTIVE";1
"LIBERATION THEOLOGY";1
"LIFE CONTEXTS";1
"LIFE FORMATIVE";1
"LIFE GOALS";1
"LIFE HARDER";1
"LIFE PLANNING";1
"LIMIT ABORTION";1
"LIMITING ACCESS";1
"LING MAS";1
"LIST IETHICAL";1
"LITERARY REPRESENTATIONS";1
"LITERATURE CLASSROOM";1
"LIVES GOVERNMENT";1
"LIVES MATTER";1
"LIVESI FORCED";1
"LIVING CRISIS";1
"LIVING FACILITIES";1
"LIVING GOD";1
"LIVING SURVIVORS";1
"LMICS UNNECESSARY";1
"LOACHS SOCIAL";1
"LOBBY STORES";1
"LOCAL NEWS";1
"LOCATING LARC";1
"LONG-TERM CARE";1
"LONG-TERM DEVELOPMENT";1
"LONGUE DURÉE";1
"LOOMERS IROEI";1
"LOOMERS ROE";1
"LORETTA ROSS";1
"LOSING MANHOOD";1
"LOUISE ERDRICHS";1
"LOUISIANAS MEDICALLY";1
"LOW-COST IVF";1
"LOWER-DIVISION LITERATURE";1
"LOWER QUALITY";1
"LTHE DARK";1
"MA JIANS";1
"MACHINE BLACK";1
"MACHINE REPRODUCTIVE";1
"MAD RESISTING";1
"MAGIC BULLET";1
"MAHASWETA DEVIS";1
"MAINTAIN REPRODUCTIVE";1
"MALIGN NEGLECT";1
"MALLADIS IA";1
"MAMAS MATTER";1
"MANAGEMENT MODES";1
"MANAGING IUD";1
"MANAGING PRECARITY";1
"MANDATED INSURANCE";1
"MANDATORY WAITING";1
"MANDELS ISTATIONI";1
"MANUAL ENVIRONMENTAL";1
"MAORI REPRODUCTIVE";1
"MAORI VISIBLE";1
"MAPPING LEGAL";1
"MARCH NA";1
"MARGARET ATWOODS";1
"MARGINALIZED BLACK";1
"MARY CALDERONE";1
"MARY WOLLSTONECRAFT";1
"MAS ISEVERANCEI";1
"MATCHING BLACK";1
"MATERNAL-CHILD WELL-BEING";1
"MATERNAL HEALTH-CARE";1
"MATERNAL HEALTHCARE";1
"MATERNAL IDEALIST";1
"MATERNAL MORBIDITYMORTALITY";1
"MATERNAL VULNERABILITY";1
"MATERNIDADE REVISÃO";1
"MATERNITÉ DE";1
"MATERNITY REPRODUCTIVE";1
"MATERNITY RESIDENCES";1
"MATERNO PERINATALES";1
"MATTER DEVELOPING";1
"MATTER EXPLORING";1
"MATTERS ALIGNING";1
"MAUD DROMGOOLES";1
"MAYDAY RETHINKING";1
"MAZE MIDWIVES";1
"MCGOVERN REFORMING";1
"MEANS FIGHTING";1
"MEASURING FERTILITY";1
"MEDIA ARTS";1
"MEDIA ERA";1
"MEDIA FRAMING";1
"MEDIA INTERVENTION";1
"MEDICAID-INSURED WOMENS";1
"MEDICAID COVERAGE";1
"MEDICAID POSTPARTUM";1
"MEDICAID REGULATION";1
"MEDICAL-LEGAL PARTNERSHIP";1
"MEDICAL-LEGAL PARTNERSHIPS";1
"MEDICAL ADVICE";1
"MEDICAL ANTHROPOLOGY";1
"MEDICAL ETHICS";1
"MEDICAL FAMILY";1
"MEDICAL FORENSIC";1
"MEDICAL OPTIONS";1
"MEDICAL SCHOOLS";1
"MEDICAL STANDARDS";1
"MEDICAL TERMINATION";1
"MEDICALISATION DEPOLITICISATION";1
"MEDICALLY FUTILE";1
"MEDICINE BIRTH";1
"MEDICINE CLINICAL";1
"MEDICINE PHYSICIANS";1
"MEDICINE POLICY";1
"MEET MISSISSIPPIS";1
"MEETS CAUTION";1
"MEMORIES MISTAKES";1
"MEMORY CONTEMPORARY";1
"MENSTRUAL CONCEALMENT-YOU";1
"MENSTRUAL CYCLE";1
"MENSTRUATION PREFACE";1
"MENTAL ILLNESS";1
"METHODIST WOMEN";1
"METHODOLOGICAL ASPECTS";1
"METHODOLOGY ASPECTS";1
"METHODS ANALYSIS";1
"MEXICAN IMMIGRANTS";1
"MEXICO-US BORDER";1
"MIDDLE-CLASS BLACK";1
"MIDDLE-INCOME COUNTRIES";1
"MIDDLE CLASS";1
"MIDDLE PASSAGE";1
"MIDWEST EMERGENT";1
"MIDWIFERY CARE";1
"MIDWIFERY ETHICS";1
"MIDWIFERY FEMINISM";1
"MIDWIFERY RELATIONALITY";1
"MIDWIFERY ROLE";1
"MIDWIVES CARING";1
"MIDWIVES CLARIFY";1
"MIDWIVES IDENTITY";1
"MIDWIVES SAFEGUARDING";1
"MIEKO KAWAKAMIS";1
"MIFEPRISTONE REMS";1
"MIGRANT EXTRACTABILITY";1
"MIGRANT JUSTICE";1
"MIGRANT LABOUR";1
"MIGRANT LATINAS";1
"MIGRANT RIGHTS";1
"MILITANT PARTICULARISM";1
"MILK-EXPRESSION TECHNOLOGIES";1
"MILK DONATION";1
"MILK MONEY";1
"MILLENNIUM DEVELOPMENT";1
"MILLERSTON CONCLUSION";1
"MILLSS BLACK";1
"MILWAUKEE LEAD";1
"MILWAUKEES RACIAL";1
"MINIMUM ABORTION";1
"MINORITY HEALTH";1
"MIS REPRESENTATION";1
"MISCARRIAGE STIGMA";1
"MISCONCEPTION FATIGUE";1
"MISOGYNY SURVIVES";1
"MISOPROSTOL SPATIALIZING";1
"MISREPRESENTING REPRODUCTIVE";1
"MISSISSIPPIS FIERCEST";1
"MISTIMED PREGNANCY";1
"MITIGATE HARMS";1
"MITIGATION OPPORTUNITIES";1
"MIXED-METHODS STUDY";1
"MIXED-UP POLITICS";1
"MIXED METHODS";1
"MOBILE CRISIS";1
"MOBILE PROGRAMS";1
"MOBILE SERVICES";1
"MOBILITIES RHYTHMS";1
"MODEL PSYCHOLOGICAL";1
"MODERATING ASSOCIATION";1
"MODERN ERA";1
"MODERN FEMININE";1
"MODERN IRELAND";1
"MODERN NARRATIVES";1
"MOMS ACT";1
"MONEY RACE";1
"MONEY SEX";1
"MONTHS WEEKS";1
"MORAL AGENCY";1
"MORAL CONUNDRUM";1
"MORAL ECONOMY";1
"MORAL EQUALITY";1
"MORAL MEMORY";1
"MORAL OBLIGATION";1
"MORAL RIGHTS";1
"MORAL VALUES";1
"MORALITY COURAGE";1
"MORBIDITYMORTALITY IMPEDES";1
"MORTALITY POVERTY";1
"MORTALITY RESEARCH";1
"MORTALITY RISK";1
"MOTHER ACTIVISTS";1
"MOTHER NEO-IMPERIAL";1
"MOTHERHOOD ANDAS";1
"MOTHERHOOD GRAFTED";1
"MOTHERHOOD INITIATIVE";1
"MOTHERHOOD REPRODUCTIVE";1
"MOTHERHOOD SCOPING";1
"MOTHERS BIRTHING";1
"MOTHERS REPRODUCTIVE";1
"MOTHERS STORIES";1
"MOTHERS VOICES";1
"MOUNTAIN REGION";1
"MOUNTAIN WEST";1
"MOVE MOBILE";1
"MOVEMENT INTERSECTIONALITY";1
"MOVEMENT RESEARCH-A";1
"MOVEMENT VOLUNTEER";1
"MOVING ORAL";1
"MUJERES GITANAS";1
"MULTI-METHOD EVALUATION";1
"MULTIDIMENSIONAL POWER";1
"MULTILEVEL ANALYSIS";1
"MULTILEVEL STUDY";1
"MULTILINEAL KINSHIP";1
"MULTIPLE HARMS";1
"MULTIPRONGED APPROACH";1
"MULTIVALENT LOSS";1
"MUNGIUS MONTHS";1
"MURATAS VANISHING";1
"MUSKOKA INITIATIVE";1
"MUTHA BLACK";1
"NACIONAL INTEGRADO";1
"NADYA SULEMAN";1
"NAIROBI SUMMIT";1
"NAMING SILENCE";1
"NARRATIVE IDENTITY";1
"NARRATIVE REVIEW";1
"NATAL POLITICS";1
"NATIONAL ABORTION";1
"NATIONAL COHORT";1
"NATIONAL CONVENING";1
"NATIONAL INSTITUTE";1
"NATIVE HAWAIIAN";1
"NAVIGATE RISK";1
"NAVIGATING HOMELESSNESS";1
"NAVIGATING REPRODUCTION";1
"NAVIGATING REPRODUCTIVE";1
"NECROPOLITICAL APPROACH";1
"NEGLECT BLACK";1
"NEGOTIATING SAMENESS";1
"NEIGHBORHOOD EVICTION";1
"NEO-IMPERIAL REPRODUCTIVE";1
"NEO-MALTHUSIAN REFLEX";1
"NEOLIBERAL CHOICE";1
"NEOLIBERAL ENTANGLEMENT";1
"NEOLIBERAL RIGHTS-BASED";1
"NEOLIBERAL TIMES";1
"NEOLIBERALISM NEOCONSERVATISM";1
"NETWORK ANALYSIS";1
"NEWS COMMENTS";1
"NEWS COVERAGE";1
"NICHE SOCIALITY";1
"NON-BINARY PEOPLE";1
"NONBINARY ADOLESCENTS";1
"NONBINARY PEOPLES";1
"NONHORMONAL METHODS";1
"NONREPRODUCING WOMEN";1
"NORDIC WELFARE";1
"NORM EXAMINING";1
"NORMAL COLORED";1
"NORMATIVE ACCOUNTABILITY";1
"NORMATIVE BODIES";1
"NORMATIVE EXPECTATIONS";1
"NORMATIVE MOTHERHOOD";1
"NORTH AMERICA";1
"NORTH CAROLINA";1
"NORTH CAROLINAS";1
"NOVE LTHE";1
"NUANCED ABORTION";1
"NUNS DONT";1
"NURSE PRACTITIONER";1
"NURSES ROLE";1
"NURSING CURRICULA";1
"NURSING EDUCATION";1
"NUTRITION SURVEY";1
"OBESITY EPIDEMIC";1
"OBSTETRIC PATIENTS";1
"OBSTETRICS ENHANCING";1
"OBTAINING BUY-IN";1
"OBTAINING POSTPARTUM";1
"OCCUPATIONAL HEALTH";1
"OFFERING ABORTION";1
"ONE-CHILD POLICY";1
"ONGOING STRUGGLE";1
"ONLINE COMMUNITY";1
"ONLINE CROSS-SECTIONAL";1
"ONLINE FEMALE";1
"ONLINE FRAMINGS";1
"ONLINE GENEALOGY";1
"ONLINE WORLD";1
"ONTARIO CANADA";1
"OPPRESSION ENTERS";1
"OPPRESSIVE SOCIAL";1
"OPTIMIZE INFANT";1
"ORAL CONTRACEPTIVE";1
"ORAL CONTRACEPTIVES";1
"ORAL HISTORY";1
"ORANGA TAMARIKI";1
"ORGANIZATION DECISION";1
"ORGANIZATION NEGOTIATING";1
"ORGANIZATIONAL ADVOCACY";1
"ORGANIZATIONAL PARTICIPATION";1
"ORGANIZATIONS INTERSECTIONALITY";1
"ORGANS ENVIRONMENTAL";1
"ORLEANS MATERNAL";1
"OUTRIGHT CHALLENGES";1
"OVER-THE-COUNTER ORAL";1
"OVERDOSES REPRODUCTIVE";1
"OVERLAPPING HISTORIES";1
"OVERPOPULATION DISCOURSE";1
"OVERTURNING IROE";1
"OWES REPRODUCTIVE";1
"OZEKIS IALL";1
"PACIFIC ISLANDER";1
"PACIFIC ISLANDS";1
"PAIN NATAL";1
"PALGRAVE HANDBOOK";1
"PALLIATIVE CARE";1
"PANDEMIA DE";1
"PANDEMIC EUGENICS";1
"PANDEMIC FREEDOM";1
"PANDEMIC LESSONS";1
"PANEL ANALYSIS";1
"PARADIGM SHIFT";1
"PARADOX WOMEN";1
"PARALLELING FOOD";1
"PARENTHOOD COMPULSORY";1
"PARENTHOOD NARRATIVES";1
"PARENTING CULTURE";1
"PARENTING DEFINING";1
"PARENTING YOUTH";1
"PARENTS SURROGACY";1
"PARTICIPATORY ACTION";1
"PARTICULARISM SYMPOETIC";1
"PARTIR DA";1
"PARTNER SELECTION";1
"PARTNER VIOLENCE";1
"PAST DISCUSSING";1
"PASTORAL GUIDELINES";1
"PATH ANALYSIS";1
"PATIENT-CENTERED FAMILY";1
"PATIENT-CENTERED MOBILE";1
"PATIENT-CENTERED POSTPARTUM";1
"PATIENT-CENTERED STRUCTURALLY";1
"PATIENT-PROVIDER RACE";1
"PATIENT-REPORTED DIFFICULT";1
"PATIENT BARRIERS";1
"PATIENT EPIDEMIOLOGY";1
"PATIENTS LEAVE";1
"PATIENTS RESIDING";1
"PATIENTS SEEKING";1
"PATRIARCHAL COMMITMENTS";1
"PAULIINA RAUHALAS";1
"PEDAGOGIA REPRODUTIVA";1
"PEDAGOGY NOMEANDO";1
"PEDIATRIC EDUCATION";1
"PEDIATRIC HEALTH";1
"PEDIATRIC PRIMARY";1
"PEDIATRIC TRAINING";1
"PELA PANDEMIA";1
"PELVIC EXAMS";1
"PEOPLE ACCESS";1
"PEOPLE ASSIGNED";1
"PEOPLE CONVERSATIONS";1
"PEOPLE IA";1
"PEOPLE POST-I";1
"PEOPLE REVISITING";1
"PEOPLE SEEKING";1
"PEOPLES BOOK";1
"PEOPLES EXPERIENCES";1
"PEOPLES REPRODUCTIVE";1
"PERCEIVED CONTRACEPTIVE";1
"PERCEIVED SENSE";1
"PERFORMING MOTHERING";1
"PERINATAL MOOD";1
"PERINATAL OUTCOMES";1
"PERINATAL PEOPLE";1
"PERINATAL SAFETY";1
"PERINATAL SERVICES";1
"PERINATAL WELL-BEING";1
"PERINATAL WOMEN";1
"PERINATALES EN";1
"PERIPARTUM SUPPORT";1
"PERPETUATE STRUCTURES";1
"PERSON-CENTERED ABORTION";1
"PERSONS PREFER";1
"PERSPECTIVE WISDOM";1
"PERSUASION NORMATIVE";1
"PHALLIC ECONOMY";1
"PHANTOM PUBLIC";1
"PHARMACEUTICAL SOLUTION";1
"PHARMACIST CONTRACEPTION";1
"PHENOMENOLOGICAL APPROACH";1
"PHILOSOPHERS MESSAGE";1
"PHYSICAL AUTONOMY";1
"PIG WASTE";1
"PILOT STUDY";1
"PLACE-BASED REPRODUCTIVE";1
"PLANEJAMENTO REPRODUTIVO";1
"PLANIFICACIÓN FAMILIAR";1
"PLANNED PARENTHOOD";1
"PLANNING ABORTION";1
"PLANNING CHRONIC";1
"PLANNING CONTRACEPTIVE";1
"PLANNING INTENTIONS";1
"PLANNING KNOWLEDGE";1
"PLANNING PARADIGM";1
"PLANNING PREGNANCIES";1
"PLANNING PREVENTION";1
"PLANNING PROGRAMME";1
"PLANNING PROVIDERS";1
"PLANNING RAISING";1
"PLANNING REPRODUCTIVE";1
"PLANNING SCIENCE";1
"PLEASURABLE FUTURES";1
"POLICE VIOLENCE";1
"POLICIES ADVANCING";1
"POLICIES PRACTICES";1
"POLICING HISTORIES";1
"POLICY CLINICAL";1
"POLICY CONFERENCE";1
"POLICY DISCOURSES";1
"POLICY LANDSCAPE";1
"POLICY POWER";1
"POLICY SAGA";1
"POLICY WINDOW";1
"POLIGONO SUR";1
"POLÍGONO SUR";1
"POLITEST FORM";1
"POLITICAL ACTIVISM";1
"POLITICAL CHALLENGES";1
"POLITICAL CHANGE";1
"POLITICAL DESIRE";1
"POLITICAL IMAGINATION";1
"POLITICAL PERFORMANCES";1
"POLITICAL PRAXIS";1
"POLITICAL REPARATIONS";1
"POLITICAL RISKS";1
"POLITICS PRACTICES";1
"POLITICS RACIALIZED";1
"POLITICS REPRODUCTIVE";1
"POLITICS TECHNOCRATIC";1
"POLYGENIC SCREENING";1
"POOR MOTHERS";1
"POPULAR FEMINIST";1
"POPULATION-BASED ADOLESCENT";1
"POPULATION BOMB";1
"POPULATION CLIMATE";1
"POPULATION CONCERNS";1
"POPULATION CONTROL";1
"POPULATION COUNTING";1
"POPULATION GROWTH";1
"POPULATION HEALTH";1
"POPULATION HETEROGENEITY";1
"POPULATION POLICIES";1
"POPULATIONS ETHICAL";1
"PORA SPEAKING";1
"POSITION STATEMENT";1
"POSITIONING SEXUAL";1
"POST-ABORTION SYNDROME";1
"POST-CONSTRUCTIONISM REFLECTIONS";1
"POST-DOBBS WORKFORCE";1
"POST-I ROEI";1
"POST-INSERTION COUNSELING";1
"POST-IROEI REPRODUCTIVE";1
"POST-IROEI WORLD";1
"POST-ROE ABORTIFACIENTS";1
"POST-ROE EMERGENCY";1
"POST-ROE ERA";1
"POST-ROE UNITED";1
"POST-TRUTH ERAI";1
"POST COVID-";1
"POSTCOLONIAL INDIA";1
"POSTCOLONIAL KENYA";1
"POSTCONFLICT SEXUAL";1
"POSTFEMINIST UNWANTED";1
"POSTHUMANISME REPRODUCTIU";1
"POSTI-DOBBS IINTERSECTION";1
"POSTPARTUM CONTRACEPTIVE";1
"POSTPARTUM HEALTH";1
"POSTPARTUM PERIOD";1
"POSTPARTUM WEIGHT";1
"POSTPARTUM WOMEN";1
"POTENTIAL BUSTS";1
"POVERTY GENDER";1
"POWER BLACK";1
"POWER INTERSECTIONALITY";1
"POWER MATTERS";1
"PRACTICE-LED RESEARCH";1
"PRACTICE ASSOCIATIONS";1
"PRACTICE GUIDANCE";1
"PRACTICE LESSONS";1
"PRACTICE NURSES";1
"PRACTICE SEX-SELECTIVE";1
"PRACTICES PERFORMANCES";1
"PRACTICES SHAPING";1
"PRACTICES SOCIETY";1
"PRACTICES UNAFFORDABLE";1
"PRE-BIRTH CHILD";1
"PRE-CLERKSHIP MEDICAL";1
"PRECARIOUS LIVES";1
"PRECARIOUS REPRODUCTIVE";1
"PRECARIOUS ROLE";1
"PRECARIOUS STATUS";1
"PRECARITY UNDERSTANDING";1
"PRECISION MEDICINE";1
"PRECONCEPTION CONSULT";1
"PREFIGURATIVE FEMINIST";1
"PREGNANCIES CHOOSING";1
"PREGNANCY-RELATED MORTALITY";1
"PREGNANCY ACT";1
"PREGNANCY CENTER";1
"PREGNANCY CROSS-FERTILISING";1
"PREGNANCY DECISION-MAKING";1
"PREGNANCY DESIRES";1
"PREGNANCY DISCUSS";1
"PREGNANCY FATNESS";1
"PREGNANCY FILMS";1
"PREGNANCY FRAMEWORK";1
"PREGNANCY IMPLICATIONS";1
"PREGNANCY LOSS";1
"PREGNANCY MANAGEMENT";1
"PREGNANCY OUTCOMES";1
"PREGNANCY SELF-HELP";1
"PREGNANCY VIEWS";1
"PREGNANT ADOLESCENTS";1
"PREGNANT INDIVIDUALS";1
"PREGNANT MIGRANT";1
"PREGNANT POPULATIONS";1
"PREGNANT PRECARIOUS";1
"PREGNANT SURGICAL";1
"PRENATAL GENETIC";1
"PRENATAL SUPPLEMENTATION";1
"PREPARING CRIMINAL";1
"PRESERVATION COVERAGE";1
"PRESERVE MINIMUM";1
"PRESSING ISSUE";1
"PRETERM BIRTH";1
"PREVALENCE PREVENTIVE";1
"PREVENTABLE DEATHS";1
"PREVENTION CRISIS";1
"PREVENTION PROGRAM";1
"PREVENTION TECHNOLOGIES";1
"PREVENTIVE CARE";1
"PREVENTIVE EUGENICS";1
"PRIORITIZING MATERNAL";1
"PRIORITY INFANT";1
"PRISON ABOLITION";1
"PRISON ESTIMATED";1
"PRISONS PREGNANCY";1
"PRISONS STERILIZATION";1
"PRIVACY LAWS";1
"PRIVACY PRECARITY";1
"PRIVATE ASSISTED";1
"PRIVILEGING MIDWIVES";1
"PRO-CHOICE DISCOURSE";1
"PRO-CHOICE PARADIGM";1
"PRO-FAMILY POLITICS";1
"PRO-LIFE MOVEMENT";1
"PRO-LIFE POLITICS";1
"PRO-VOICE APPROACH";1
"PRO-WOMAN FRAME";1
"PROBLEMATIC FRAMES";1
"PROBLEMATIZAÇÃO DA";1
"PROBLEMATIZING REPRODUCTIVE";1
"PROCESSING RACISM";1
"PROCREATIONAL ETHOS";1
"PROCREATIVE JUSTICE";1
"PROCREATIVE LIBERTY";1
"PROCREATIVE MORAL";1
"PRODUCTIVE HEALTH";1
"PRODUCTIVE JUSTICE";1
"PROFESSION COMMON";1
"PROFESSIONAL CONTINUUM";1
"PROFESSIONAL ETHICS";1
"PROFESSIONALS ATTITUDES";1
"PROGRAMA DE";1
"PROGRESSIVE CHRISTIAN";1
"PROGRESSIVE REGULATION";1
"PROMOTE JUSTICE";1
"PROMOTES REPRODUCTIVE";1
"PROMOTING ADVOCACY";1
"PROMOTING AUTONOMY";1
"PROMOTING CHOICE";1
"PROMOTING JUSTICE";1
"PROMOTION PROGRAM";1
"PRONATALIST POLITICS";1
"PROSPECTIVE COHORT";1
"PROSPECTIVE STUDY";1
"PROTECT ABORTION";1
"PROTECTING BLACK";1
"PROTECTION SYSTEM";1
"PROTESTS UTILIZING";1
"PROVIDER PERSPECTIVES";1
"PROVIDER SURVEY";1
"PROVIDER VERBAL";1
"PROVIDING CONTRACEPTIVE";1
"PROVIDING CULTURALLY";1
"PROVIDING INPATIENT";1
"PROVIDING POST-INSERTION";1
"PSYCHIATRIC ADVANCE";1
"PSYCHO ONLINE";1
"PSYCHOANALYTIC POLITICAL";1
"PSYCHOLOGICAL RELATIONAL";1
"PSYCHOLOGISTS ADVOCATING";1
"PUBLIC-SECTOR FACILITIES";1
"PUBLIC BLACK";1
"PUBLIC MENTAL";1
"PUBLIC POLICIES";1
"PÚBLICA SOBRE";1
"PUERTO RICAN";1
"PUNISHING ILLEGALIZED";1
"PUNITIVE TIMES";1
"PURVI PATEL";1
"QUALIFIED HEALTH";1
"QUALITATIVE APPLICATION";1
"QUALITATIVE COMMUNITY-LED";1
"QUALITATIVE COV";1
"QUALITATIVE META-SYNTHESIS";1
"QUALITATIVE MULTILEVEL";1
"QUALITATIVE RESEARCH-TO-POLICY";1
"QUALITATIVE SECONDARY";1
"QUALITATIVE SURVEY";1
"QUALITY CARE";1
"QUALITY CLINICAL";1
"QUALITY IMPLICATIONS";1
"QUALITY IMPROVEMENT";1
"QUANTITY-QUALITY TRADE-OFF";1
"QUANTUM REQUIREMENTS";1
"QUARTERLYI CITATION";1
"QUASI-EXPERIMENTAL STUDY";1
"QUEER ANTI-RACIST";1
"QUEER ARGONAUTS";1
"QUEER BEINGKNOWINGFEELING";1
"QUEER BIOETHICAL";1
"QUEER CRIP";1
"QUEER CRITIQUES";1
"QUEER INTIMACIES";1
"QUEER LENS";1
"QUEER LIBERATION";1
"QUEER PARENTS";1
"QUEER PHENOMENOLOGICAL";1
"QUEER REPRODUCTIONS";1
"QUEER REPRODUCTIVE";1
"QUEER THEORY";1
"QUEERING BIOETHICS";1
"QUEERING REPRODUCTION";1
"QUESTIONING SEXUAL";1
"QUESTIONS PREGNANCY";1
"QUIÉN QUIERE";1
"QUIERE SER";1
"RACE-CONCORDANT CARE";1
"RACE CONCORDANCE";1
"RACE GENDER";1
"RACE INEQUALITIES";1
"RACE MATCHING";1
"RACE PIG";1
"RACE REPRODUCTION";1
"RACE SERIES";1
"RACE SEXUALITY";1
"RACE THEORY";1
"RACEI IGENDERI";1
"RACIAL CAPITALISM";1
"RACIAL DISPARITY";1
"RACIAL ERASURE";1
"RACIAL GRIEF";1
"RACIAL INEQUALITY";1
"RACIAL INEQUITIES";1
"RACIAL INEQUITY";1
"RACIAL PROJECT";1
"RACIAL VIOLENCE";1
"RACIALISED MATERNAL";1
"RACIALIZED IMAGERY";1
"RACIALIZED MOTHER";1
"RACIALIZED MOTHERHOOD";1
"RACIALIZED RESIDENTIAL";1
"RACISM CULTIVATED";1
"RACISM MIDDLE-CLASS";1
"RACISM RUNS";1
"RACISM SEXUAL";1
"RADICAL CHARGE";1
"RADICAL FRAMEWORK";1
"RADICAL INEQUALITY";1
"RADICAL INFORMED";1
"RADICAL LIBERATION";1
"RADICAL ROOTS";1
"RAPID QUALITATIVE";1
"RAUHALAS TAIVASLAULU";1
"RE- PRODUCTIVE";1
"RE-CONSTRUCTS CHRISTIAN";1
"RE-RIGHTING LAW";1
"READING MA";1
"READING MOTHERHOOD";1
"READING QUEER";1
"READY APPLYING";1
"REAL AFRICAN";1
"REAL STORY";1
"REALI CONCLUSION";1
"REALIZING REPRODUCTIVE";1
"REBUILDING AMERICA";1
"RECENT DEBATES";1
"RECENT GERMAN-LANGUAGE";1
"RECLAIMING POWER";1
"RECOGNIZING INFERTILITY";1
"RECOGNIZING ISSUES";1
"RECOGNIZING REPRODUCTIVE";1
"RECONCEIVING SURROGACY";1
"RECONSIDERED EXPERIENCES";1
"RECURRING RHETORICS";1
"REDISTRIBUTE GENDERED";1
"REDRESSING GESTATIONAL";1
"REDUCING SEXUAL";1
"REFIGURING MOTHERHOOD";1
"REFLECTING SEX";1
"REFLECTIVE CAPACITY";1
"REFORMING MEDICAID";1
"REFORMING SEXUAL";1
"REFRAMING HUMAN";1
"REFUGEE WOMEN";1
"REFUGEE WOMENS";1
"REFUSING EXTRACTION";1
"REFUSING STIGMATIZATION";1
"REGULAR CONTRIBUTOR";1
"REGULATED DONOR";1
"REIMAGINING FAITH";1
"REIMAGINING GLOBAL";1
"REIMAGINING RELATIONALITY";1
"REIMAGINING RESEARCH";1
"REINFORCING INEQUITIES";1
"REJECTING HORMONAL";1
"RELATIONAL REPRODUCTIVE";1
"RELATIONALITY WOMEN";1
"RELATIONSHIP ABUSE";1
"RELATIONSHIP BARRIERS";1
"RELATIVE SILENCE";1
"RELIGIOUS FUNDAMENTALISM";1
"RELOCATING REPRODUCTIVE";1
"REMOVAL INCARCERATION";1
"RENEWED CALLS";1
"RENEWED PATRIARCHAL";1
"REPARATIVE JUSTICECARE";1
"REPARATIVE REPRODUCTIVE";1
"REPEAL CAMPAIGN";1
"REPEAL MOVEMENT";1
"REPEAL RETHINKING";1
"REPEALEDTHETH TRANSLATING";1
"REPRESENTATIONS CONVEYED";1
"REPRODUCING RACE";1
"REPRODUCTION ACCOUNT";1
"REPRODUCTION FAMILY";1
"REPRODUCTION HYSTERECTOMY";1
"REPRODUCTION STUDY";1
"REPRODUCTION SURROGACY";1
"REPRODUCTION TECHNOLOGIES";1
"REPRODUCTIONS STRATIFIED";1
"REPRODUCTIVA EL";1
"REPRODUCTIVE-JUSTICE ANALYSIS";1
"REPRODUCTIVE-JUSTICE APPROACH";1
"REPRODUCTIVE ABUSES";1
"REPRODUCTIVE ACCESS";1
"REPRODUCTIVE AGE";1
"REPRODUCTIVE AGENCY";1
"REPRODUCTIVE ANXIETY";1
"REPRODUCTIVE BODIES";1
"REPRODUCTIVE CARE-SEEKING";1
"REPRODUCTIVE CHOICES";1
"REPRODUCTIVE COMMODIFICATION";1
"REPRODUCTIVE CONTROL";1
"REPRODUCTIVE DECISION-MAKING";1
"REPRODUCTIVE DISEMBODIMENT";1
"REPRODUCTIVE DISSENT";1
"REPRODUCTIVE EXPERIENCES";1
"REPRODUCTIVE EXPLOITATION";1
"REPRODUCTIVE FUNCTION";1
"REPRODUCTIVE FUTURE";1
"REPRODUCTIVE FUTURISM";1
"REPRODUCTIVE GENETIC";1
"REPRODUCTIVE GOALS";1
"REPRODUCTIVE HUMAN";1
"REPRODUCTIVE IDENTITY";1
"REPRODUCTIVE INEQUITIES";1
"REPRODUCTIVE KNOWLEDGE";1
"REPRODUCTIVE LABOR";1
"REPRODUCTIVE LABOUR";1
"REPRODUCTIVE LIBERTY";1
"REPRODUCTIVE LIFE-COURSE";1
"REPRODUCTIVE LIVES";1
"REPRODUCTIVE LOSS";1
"REPRODUCTIVE MANAGEMENT";1
"REPRODUCTIVE MEDICINE";1
"REPRODUCTIVE OBJECTIFICATION";1
"REPRODUCTIVE ORGANS";1
"REPRODUCTIVE PEDAGOGY";1
"REPRODUCTIVE PLANNING";1
"REPRODUCTIVE POSTHUMANISM";1
"REPRODUCTIVE POWER";1
"REPRODUCTIVE PRACTICES";1
"REPRODUCTIVE PSYCHIATRIC";1
"REPRODUCTIVE RACIAL";1
"REPRODUCTIVE RACISM";1
"REPRODUCTIVE RIGHTS-RELATED";1
"REPRODUCTIVE SLAVERY";1
"REPRODUCTIVE SOLIDARITY";1
"REPRODUCTIVE STRATIFICATION";1
"REPRODUCTIVE SUBJECTS";1
"REPRODUCTIVE WELLBEING";1
"REPRODUTIVA AVALIAÇÃO";1
"REPRODUTIVA CONTRA-HEGEMÔNICA";1
"REPRODUTIVA INIQUIDADES";1
"REPRODUTIVA INTERSECCIONALIDADE";1
"REPRODUTIVAI FRAMEWORK";1
"REPUBLICAN-CONTROLLED LOUISIANA";1
"RESEARCH-A SURVEY";1
"RESEARCH-TO-POLICY COLLABORATION";1
"RESEARCH ACTIVISM";1
"RESEARCH FRAMEWORK";1
"RESEARCH INTERNATIONAL";1
"RESEARCH INVOLVING";1
"RESEARCH PRACTICE";1
"RESEARCH PROTOCOL";1
"RESEARCHERS PERSPECTIVES";1
"RESEARCHING REPRODUCTIVE";1
"RESEARCHING SEXUAL";1
"RESIDENCY EDUCATION";1
"RESIDENTIAL SEGREGATION";1
"RESILIENCE BLACK";1
"RESISTANCE HUMAN";1
"RESISTANCES VULNERABILITIES";1
"RESISTING JAMES";1
"RESOURCE DISABILITY";1
"RESPECT ABQ";1
"RESPECTING PROCREATIVE";1
"RESPONSE-ABLE FUTURES";1
"RESPONSIBLE WOMEN";1
"RESTORING WOMENS";1
"RESTORYING REPRODUCTIVE";1
"RESTRAINED MOTHERHOOD";1
"RESTRICTED ABORTION";1
"RESTRICTING ACCESS";1
"RESTRICTIVE ABORTION";1
"RESULTADOS MATERNO";1
"RETHINKING ADVANCED";1
"RETHINKING REPRODUCTIVE";1
"RETHINKING RISK";1
"RETROFIT REFORM";1
"RETROFITTING FELLOWSHIPS";1
"REVERSIBLE ETONOGESTREL";1
"REVERSIBLE OPPORTUNITIES";1
"REVIEW FORCEDCOERCED";1
"REVIEW MAPPING";1
"REVISÃO DE";1
"REVISITING CHALLENGES";1
"REVISITING SURROGACY";1
"REVITALISING CRITICAL";1
"REVOLUTION II";1
"REWRITTEN INTRODUCTION";1
"REWRITTEN PREFACE";1
"RHETORIC SEX";1
"RHETORICAL ALIGNMENT";1
"RHETORICAL INVENTION";1
"RHETORICALLY LISTENING";1
"RICA OCTOBER";1
"RICAN BIRTH";1
"RIGHT-WING ANNIHILATIONISM";1
"RIGHTS-BASED DISCOURSE";1
"RIGHTS-RELATED INEQUALITIES";1
"RIGHTS ACTIVISM";1
"RIGHTS COMPREHENSIVE";1
"RIGHTS CONCERNS";1
"RIGHTS COUNTERING";1
"RIGHTS FUNDING";1
"RIGHTS ORGANIZING";1
"RIGHTS PARADIGM";1
"RIGHTS RADICAL";1
"RIGHTS RESEARCH";1
"RIGHTS SRHR";1
"RIGHTS TRANSNATIONAL";1
"RISK DISCOURSE";1
"RISK EVALUATION";1
"RISK FACTOR";1
"RISK RECOGNITION";1
"RISKS BODIES";1
"RISKS FEMINIST";1
"RJ FRAMEWORK";1
"ROBBEN ISLAND";1
"ROBUST ESTIMATE";1
"ROEI SOCIETY";1
"ROMANI GIRLS";1
"ROMOMATTER EMPOWERING";1
"ROONEYS LITERATURES";1
"ROOTED ABORTION";1
"ROSSS IOREOI";1
"ROSSS OREO";1
"ROUNDTABLE IREPRODUCTIVE";1
"ROUNDTABLE REPRODUCTIVE";1
"ROUTLEDGE HANDBOOK";1
"RUINED MADONNA";1
"RULING ILLUMINATES";1
"RUN REPRODUCTIVE";1
"RURAL FAMILIES";1
"RURAL JAILS";1
"RUTH OZEKI";1
"SAFE ABORTION";1
"SAFE AFRICAN";1
"SAFE APPROACHES";1
"SAFE EFFECTIVE";1
"SAFE MOTHERHOOD";1
"SAFEGUARDING ABORTION";1
"SAFEGUARDING CONCERNS";1
"SAFER CONCEPTION";1
"SAFETY ACCESSING";1
"SAFETY CULTURE";1
"SAFETY DOMINANT";1
"SAFETY NET";1
"SAGA RESTRICTIVE";1
"SALE REFLECTING";1
"SALUD SEXUAL";1
"SAN FRANCISCO";1
"SANTIAGO CHILE";1
"SARAH LEAH";1
"SASSAFRASS CYPRESS";1
"SATISFIED OUTCOMES";1
"SAÚDE SEXUAL";1
"SAYAKA MURATAS";1
"SCIENTIFIC COMMUNITY";1
"SCREENING REPRODUCTIVE";1
"SCREENING TOOL";1
"SCROUNGERS STRIVERS";1
"SECONDARY ANALYSIS";1
"SECTION IV";1
"SECURING REPRODUCTIVE";1
"SEED SAVING";1
"SEEKING PERMANENT";1
"SEEKING REPRODUCTIVE";1
"SEEKING RESPECTFUL";1
"SELECTING WOMEN";1
"SELECTION CAMPAIGN";1
"SELECTIVE ABORTION";1
"SELF-DETERMINING YOUTH";1
"SELF-HELP LITERATURE";1
"SELF-IDENTIFIED RACE";1
"SELF-MANAGED CARE";1
"SELMAI II";1
"SENATOR JEN";1
"SENTENCIA BRASILEÑA";1
"SEPARATING FAMILIES";1
"SER MADRE";1
"SERVICE ACTIVISM";1
"SERVICE EXPERIENCES";1
"SERVICE POLICY";1
"SERVICES PROVISION";1
"SERVICES UNITED";1
"SERVING GENDER";1
"SETTINGS SERVING";1
"SEVILLE SPAIN";1
"SEX-POSITIVE CRIMINOLOGY";1
"SEX EDUCATION";1
"SEX EDUCATIONI";1
"SEX EDUCATORS";1
"SEX EXPLORING";1
"SEX FREEDOM";1
"SEX INVOLVES";1
"SEX MARRIAGE";1
"SEX SELECTION";1
"SEX SOCIAL";1
"SEXOLOGY ARCHIVE";1
"SEXUAL ABUSE";1
"SEXUAL AGENCY";1
"SEXUAL ATTITUDES";1
"SEXUAL CITIZENS";1
"SEXUAL CITIZENSHIP";1
"SEXUAL DISCOURSE";1
"SEXUAL EXPLOITATION";1
"SEXUAL MINORITY";1
"SEXUAL PANIC";1
"SEXUAL RIGHTS";1
"SEXUAL STEREOTYPES";1
"SEXUAL TRANSMISSION";1
"SEXUAL WELL-BEING";1
"SEXUALITY EXPANDING";1
"SEXUALITY HEALTH";1
"SEXUALITY OPPRESSION";1
"SEXUALLY TRANSMITTED";1
"SHANGES ISASSAFRASS";1
"SHANGES SASSAFRASS";1
"SHAPE FEMINIST";1
"SHAPES LATINAX";1
"SHARED DECISION";1
"SHARED FUTURES";1
"SHIFTING GLOBAL";1
"SIJ ICSCMI";1
"SILOES INTERSECTIONALITY";1
"SILOS ENVIRONMENTAL";1
"SILVIA NANCLARES";1
"SINGLE MOTHERS";1
"SINGLE WOMEN";1
"SINNERS REPRODUCTIVE";1
"SISTEMA NACIONAL";1
"SISTEMA ÚNICO";1
"SISTERLOVE GEORGIA";1
"SITE EXAMINING";1
"SITU SEED";1
"SITUATED BODIES";1
"SITUATED KINMAKING";1
"SITUATING REPRODUCTIVE";1
"SITUATIONAL ANALYSIS";1
"SIXTIES SCOOP";1
"SIZE FERTILITY";1
"SLANT VIEWS";1
"SLAVES MARRONNAGE";1
"SLGBTQ YOUTH";1
"SLIPPERY EUGENICS";1
"SLOW VIOLENCE";1
"SMARTPHONE APP";1
"SOBRE ABORTO";1
"SOCIAL ACTIVISMI";1
"SOCIAL ANALYSIS";1
"SOCIAL CLASS";1
"SOCIAL EGG";1
"SOCIAL EMBODIMENT";1
"SOCIAL IDENTITY";1
"SOCIAL INEQUALITIES";1
"SOCIAL INEQUITIES";1
"SOCIAL INJUSTICE";1
"SOCIAL ISSUES";1
"SOCIAL MEANING";1
"SOCIAL MOVEMENTS";1
"SOCIAL PROCESS";1
"SOCIAL REALISM";1
"SOCIAL SAFETY";1
"SOCIAL SERVICES";1
"SOCIAL STUDY";1
"SOCIAL THEORY";1
"SOCIAL WELFARE";1
"SOCIO-CULTURAL RISK";1
"SOCIO-LEGAL POLICIES";1
"SOCIOCULTURAL CONTEXT";1
"SOCIOECONOMIC DISADVANTAGE";1
"SOCIOECONOMIC STRESSES";1
"SOCIOECONOMIC TRENDS";1
"SOFT STERILIZATION";1
"SOLIDARITY DIMENSIONS";1
"SOLIDARITY PERFORMING";1
"SOLUTIONS GROUNDED";1
"SOUTH CAROLINA";1
"SOUTHERN AFRICAN";1
"SOUTHERN METHODIST";1
"SPANISH ACTIVISM";1
"SPANISH ROMA";1
"SPATIAL CONSEQUENCES";1
"SPATIAL IMAGINATION";1
"SPATIAL READING";1
"SPATIALIZED INTERSECTIONALITY";1
"SPATIALIZING ABORTION";1
"SPECIFIC PERINATAL";1
"SPERM DONORS";1
"SPORT BELONGS";1
"SPORT STAKEHOLDERS";1
"SPOT ANTI-MULLERIAN";1
"SRHR POLICIES";1
"ST CENTURY";1
"ST JOHN";1
"STAGE-BASED IMPLEMENTATION";1
"STAKEHOLDER PERSPECTIVES";1
"STANDARD MEDICAL";1
"STATUS MIGRANTS";1
"STERILISATIONS TARGETED";1
"STERILIZATION BIRTH";1
"STERILIZATION LONG-ACTING";1
"STERILIZATION OBTAINMENT";1
"STERILIZING BODY-TERRITORIES";1
"STEVIE MERINO";1
"STI PREVENTION";1
"STIGMA IMAGINED";1
"STIGMA INTERROGATING";1
"STORY DOESNT";1
"STORY INTENDED";1
"STORYTELLING FAMILY";1
"STRATEGIC ADVOCACY";1
"STRATEGIC IGNORANCE";1
"STRATEGIES RESISTANCES";1
"STRATEGY MORALITY";1
"STRATIFICATION LESSONS";1
"STRIKE MOBILIZING";1
"STRUCTURAL APPROACH";1
"STRUCTURAL BARRIER";1
"STRUCTURAL BARRIERS";1
"STRUCTURAL COMPETENCY";1
"STRUCTURAL FACTORS";1
"STRUCTURAL INEQUALITIES";1
"STRUCTURAL INEQUITIES";1
"STRUCTURAL INEQUITY";1
"STRUCTURAL INFERTILITY";1
"STRUCTURALLY COMPETENT";1
"STUDENT PERCEPTIONS";1
"STUDENTS KNOWLEDGE";1
"STUDENTS SEXUAL";1
"STUDIES CLASSROOM";1
"STUDY APPLYING";1
"STUDY WOMEN";1
"SUBDERMAL IMPLANT";1
"SUBJECTIVITY ASSERTIONS";1
"SUBVERSIVE ACTS";1
"SUBVERSIVE EPIDEMIOLOGY";1
"SUCCESSES FAILURES";1
"SUFFRAGE HEALTH";1
"SUGAMMADEX ANESTHESIA";1
"SUPPLEMENTATION ETHICS";1
"SUPPORT ADOLESCENT";1
"SUPPORT ADOLESCENTS";1
"SUPPORT INDIGENOUS";1
"SUPPORT NETWORKS";1
"SUPPORT POSTPARTUM";1
"SUPPORT PREGNANT";1
"SUPPORT REPRODUCTIVE";1
"SUPPORT WORKERS";1
"SUPPORTABILITY REPARATIVE";1
"SUPPORTING ABORTION";1
"SUPPORTING ADOLESCENT";1
"SUPPORTING BREASTFEEDING";1
"SUPPORTING CRITICAL";1
"SUPPORTING INTELLECTUALLY";1
"SURGICAL PATIENT";1
"SURROGACY BANS";1
"SURROGACY BIOMARKETS";1
"SURROGACY CLAIMS";1
"SURROGACY CONFLICTING";1
"SURROGACY JOURNEYS";1
"SURROGACY LA";1
"SURROGACY RELATIONSHIPS";1
"SURVEY DATA";1
"SURVEY STUDY";1
"SURVIVALQUEER REPRODUCTIVE";1
"SUSTAINABLE CROSS-CULTURAL";1
"SUSTAINABLE DEVELOPMENT";1
"SUSTAINED COMMITMENT";1
"SUSTAINING OUTRAGE";1
"SWEDEN PLANNING";1
"SWEDISH FAMILY";1
"SWIMMING LEARNING";1
"SYMPOETIC SCHOLARSHIP";1
"SYRIAN REFUGEES";1
"SYSTEMATICALLY UNDERREPRESENTED";1
"SYSTEMIC INEQUITIES";1
"SYSTEMS ANALYSES";1
"SYSTEMS CRIMINALIZE";1
"SYSTEMS THINKING";1
"TABOO TOPICS";1
"TACKLING SYSTEMIC";1
"TAKATA WAHINE";1
"TAKING MATTERS";1
"TALKING CURE";1
"TAMARIKI PRACTICE";1
"TAMING BODIES";1
"TEACHING DOBBS";1
"TEACHING HEALTH";1
"TEACHING SOCIAL";1
"TEACHING TABOO";1
"TEAM-FACING MEDICAL-LEGAL";1
"TEARS REPRODUCTIVE";1
"TECHNOFEMINIST INTERVENTION";1
"TECHNOLOGIES COMPANIES";1
"TECHNOLOGIES MATTERS";1
"TECHNOLOGIES REPORT";1
"TECHNOLOGY APPLYING";1
"TECHNOLOGY CHALLENGES";1
"TECHNOSCIENTIFIC HEALTHISM";1
"TEENAGE CHILDBEARING";1
"TEENAGE PARENTS";1
"TEENAGE PREGNANCY";1
"TELEMEDICINE ABORTION";1
"TEMPORAL INFOVEILLANCE";1
"TEÓRICO-POLÍTICOS ACIRRADOS";1
"TERFISM ZIONISM";1
"TERRY MCGOVERN";1
"TESTING ABORTION";1
"TESTING CHALLENGES";1
"TEUBNER FEMINISTINNEN";1
"TEUBNERS ANONYMOUS";1
"TEXAS HOSPITALS";1
"TEXT MINING";1
"THAI TRANSMAN";1
"THEOLOGY ENHANCES";1
"THEORETICAL FRAME";1
"THEORETICAL MODEL";1
"THEORIES FIRSHT";1
"THEORY-BASED FORMATIVE";1
"THEORY-BASED INTERACTIVE";1
"THEORY BUILDING";1
"THEORY SANTIAGO";1
"THINKING TRANSNATIONALLY";1
"THREAT MULTIPLIER";1
"TIERED-EFFECTIVENESS CONTRACEPTIVE";1
"TIGER FLU";1
"TIMETHE DOCUMENTARY";1
"TIMORESE WOMEN";1
"TONI MORRISON";1
"TOOLKIT APPROACH";1
"TOPICS MENSTRUATION";1
"TORONTO CANADA";1
"TORTURED BODIES";1
"TOTAL ERASURE";1
"TOXIC CONTAMINATION";1
"TOXIC EROTICS";1
"TOXIC EXPOSURES";1
"TOXIC RISKS";1
"TRACES GLIMPSES";1
"TRACING EPISTEMIC";1
"TRADITIONAL PRECONCEPTION";1
"TRANS ACTIVISM";1
"TRANS FEMINISMS";1
"TRANS PEOPLES";1
"TRANS PREGNANCY";1
"TRANS REPRODUCTIVE";1
"TRANS RIGHTS";1
"TRANSCENDING BORDERS";1
"TRANSDISCIPLINARY IMAGINATION";1
"TRANSFORM KINSHIP";1
"TRANSFORMATIVE INTERSECTIONAL";1
"TRANSFORMING PEDIATRIC";1
"TRANSGENDER MIGRANT";1
"TRANSGENDER REPRODUCTIVE";1
"TRANSGENDER SEXUAL";1
"TRANSGRESSION REPRODUCTIVE";1
"TRANSLATING TRAVESTY";1
"TRANSMITTED HIV";1
"TRANSNATIONAL BIO-ECONOMIES";1
"TRANSNATIONAL COMMENT";1
"TRANSNATIONAL COMMERCIAL";1
"TRANSNATIONAL FEMINISM";1
"TRANSNATIONAL FEMINIST";1
"TRANSNATIONAL MOVEMENT";1
"TRANSNATIONAL PERSPECTIVE";1
"TRANSNATIONAL PERSPECTIVE-TAIWAN";1
"TRANSNATIONAL PERSPECTIVES";1
"TRANSNATIONAL SOLIDARITY";1
"TRANSNATIONALLY REPRODUCTIVE";1
"TRANSPLANT RECIPIENTS";1
"TRASH REPRODUCING";1
"TRAUMA IMMIGRATION";1
"TRAUMA KEETOOWAH";1
"TRAUMA PRODUCED";1
"TRAUMA TRAGEDY";1
"TRAVESTY GLOBAL";1
"TREATING IMYCOPLASMA";1
"TREES IRACE";1
"TRIBAL CITIZENSHIP";1
"TROUBLESOME REPRODUCTION";1
"TRUE CHOICE";1
"TRUE CHOICES";1
"TRUST BLACK";1
"TRUTH COMMISSIONS";1
"TUBAL LIGATION";1
"TURBULENT ERA";1
"TURTLE ISLAND";1
"TWENTY-FIRST CENTURIES";1
"TWITTER TEMPORAL";1
"TWO-SPIRIT TRANS";1
"UGLY INCIDENTI";1
"UK MATERNITY";1
"UK POLICIES";1
"ULSTER UNIVERSITY";1
"UMA ANÁLISE";1
"UMA PEDAGOGIA";1
"UN-PRESENTABLE ANNIE";1
"UNA SENTENCIA";1
"UNAFFORDABLE RIGHTS";1
"UNANTICIPATED CONSEQUENCES";1
"UNASSISTED CHILDBIRTH";1
"UNBORN CHILD";1
"UNCERTAIN FUTURES";1
"UNCERTAINTY-A QUALITATIVE";1
"UNCOVERING REPRODUCTIVE";1
"UNDERCOMMONING ANTHROGENESIS";1
"UNDERREPRESENTED CHILDBEARING";1
"UNDERSTANDING ADOPTION";1
"UNDERSTANDING BARRIERS";1
"UNDERSTANDING CONTEMPORARY";1
"UNDERSTANDING EUGENICS";1
"UNDERSTANDING GLOBAL";1
"UNDERSTANDING HEALTH";1
"UNDERSTANDING LATINAS";1
"UNDERSTANDING OBSTETRIC";1
"UNDERSTANDING WOMENS";1
"UNDOCUMENTED IIMMIGRANT";1
"UNDOCUMENTED WOMENS";1
"UNDOING LEGACIES";1
"UNEQUAL BURDENS";1
"UNEQUAL REPRODUCTIVE";1
"UNEVEN LANDSCAPE";1
"UNEXPECTED ABORTION";1
"UNFINISHED BUSINESS";1
"UNFINISHED REVOLUTION";1
"UNFOLDING BIRTH";1
"UNGLEICHHEITEN ZWISCHEN";1
"UNHEROIC REPRODUCTIVE";1
"UNHOUSED WOMEN";1
"ÚNICO DE";1
"UNIFIED HEALTH";1
"UNIVERSAL HEALTH";1
"UNIVERSITY NORTHERN";1
"UNLAWFUL BARRIER";1
"UNMAPPABLE UNGOVERNABLE";1
"UNMET EXPECTATIONS";1
"UNPACKING INTERSECTIONAL";1
"UNREGULATED SPERM";1
"UNRULY UNMAPPABLE";1
"UNSAFE ABORTION";1
"UPROOTING RACE";1
"URBAN CHINA";1
"URBAN SETTLEMENTS";1
"URBAN WOMEN";1
"URUGUAY MATERNAL";1
"URUGUAY RESULTADOS";1
"US-MEXICO BORDERLANDS";1
"UTAH COHORT";1
"UTERINE GEOGRAPHY";1
"UTERINE VIOLENCE";1
"UTERUS COLLECTORS";1
"UTERUS TRANSPLANT";1
"UTILIZING MARGARET";1
"UTOPIAS REALI";1
"VACCINE REFUSAL";1
"VALUING REPRODUCTIVE";1
"VANISHING WORLD";1
"VARIATIONS INTERSEX";1
"VERBAL DISRESPECT";1
"VERSUS LIBERAL";1
"VERSUS STANDARD";1
"VERY-LOW-BIRTHWEIGHT INFANTS";1
"VIEW WOMEN";1
"VIEWPOINT NARRATIVE";1
"VIEWS RECOGNIZING";1
"VIOLATING REPRODUCTIVE";1
"VIOLENCE BODY-TALK";1
"VIOLENCE EXCEPTIONALISM";1
"VIOLENCE FINDINGS";1
"VIOLENCE GENDERED";1
"VIOLENCE GOTHIC";1
"VIOLENCE INFORMS";1
"VIOLENCE REPRODUCTIVE";1
"VIOLENCE RIGHTS";1
"VIOLENCE TRAUMA";1
"VIOLENCE VICTIMIZATION";1
"VIOLENT LEGACY";1
"VIRUS PANDEMIC";1
"VIS-À-VIS ABORTION";1
"VISIÓN DE";1
"VISIONING FORWARD";1
"VISUAL ACTIVISM";1
"VISUAL RHETORICS";1
"VISUALIZING BIRTH";1
"VISUALIZING PATTERNS";1
"VITAL CONDITIONS";1
"VIVIENNE FRANZMANNS";1
"VOICES RECOMMENDATIONS";1
"VOICING WOMENS";1
"VOLUNTARY STERILIZATION";1
"VOLUNTEER BIRTH";1
"VULNERABILISING CONTEXTS";1
"VULNERABLE WOMENS";1
"VULNERABLE YOUTH";1
"WADE AOTEAROA";1
"WADE ERA";1
"WAIT EXPERIENCES";1
"WAITING PERIOD";1
"WARDS LITERARY";1
"WASHINGTON DC";1
"WATER HUMAN";1
"WATER SUGGESTIONS";1
"WEAK RESISTANCE";1
"WEEKS GESTATION";1
"WEIGHT RETENTION";1
"WELFARE ACT";1
"WELFARE PROGRAMS";1
"WEST GERMANY";1
"WESTERN COUNTRIES";1
"WESTERN KENYA";1
"WESTERN UGANDA";1
"WHATS CHOICE";1
"WHITE EVANGELICAL";1
"WHITE FEMINIST";1
"WHITE LADY";1
"WHITE PRIVILEGE";1
"WHOLLY INHABIT";1
"WIEDERHERSTELLUNG DER";1
"WINDERMERE BASIN";1
"WISELY PARALLELING";1
"WITHDRAW CONSENT";1
"WITHDRAWAL EXPERIENCES";1
"WITNESS OBSTETRIC";1
"WOMAN CARD";1
"WOMANHOOD PUSSYHATS";1
"WOMANS HEALTH";1
"WOMB CONVERGING";1
"WOMB SAFE";1
"WOMBS FROZEN";1
"WOMEN-CENTERED ANTI-ABORTION";1
"WOMEN ABORTION";1
"WOMEN ACHIEVE";1
"WOMEN AGING";1
"WOMEN BIRTH";1
"WOMEN BUILT";1
"WOMEN CAMPAIGN";1
"WOMEN DESERVE";1
"WOMEN FARMWORKERS";1
"WOMEN IMPLICATIONS";1
"WOMEN KILLING";1
"WOMEN KINSHIP";1
"WOMEN LESBIAN";1
"WOMEN NAVIGATE";1
"WOMEN PREGNANCY";1
"WOMEN PREGNANT";1
"WOMEN PREVALENCE";1
"WOMEN QUARTERLYI";1
"WOMEN RELIGIOUS";1
"WOMEN RURAL";1
"WOMEN SEEKING";1
"WOMEN SEX";1
"WOMEN TAMING";1
"WOMEN TWO-SPIRIT";1
"WOMEN UNDERSTANDING";1
"WOMENS ABORTION";1
"WOMENS ACCESS";1
"WOMENS BELIEFS";1
"WOMENS CHRISTIAN";1
"WOMENS DIGITAL";1
"WOMENS EXPERIMENTAL";1
"WOMENS FERTILITY";1
"WOMENS FICTION";1
"WOMENS FIGHT";1
"WOMENS LANGUAGE";1
"WOMENS LIVED";1
"WOMENS LIVES";1
"WOMENS MEMOIRS";1
"WOMENS MENTAL";1
"WOMENS MOTIVATIONS";1
"WOMENS MOVEMENT";1
"WOMENS NARRATIVES";1
"WOMENS NATIONAL";1
"WOMENS PERCEIVED";1
"WOMENS PERCEPTIONS";1
"WOMENS PERSPECTIVES";1
"WOMENS POSTPARTUM";1
"WOMENS PREGNANCY";1
"WOMENS RESISTANCE";1
"WOMENS STUDIES";1
"WOMENS SUFFRAGE";1
"WOMENS WRITING";1
"WONT HAPPEN";1
"WORD ASSESSING";1
"WORKERS REFLECTIONS";1
"WORLD DYSTOPIA";1
"WORLD SUFFERING";1
"WORLD TEAM-FACING";1
"WORLDS WOMEN";1
"WRONG REPRODUCTIVE";1
"WRONGFUL BIRTH";1
"WROUGHT ABORTION";1
"YA-FEMINIST STRATEGIES";1
"YOUTH CAPTURED";1
"YOUTH EXPERIENCING";1
"YOUTH GENDER";1
"YOUTH ORGANIZING";1
"YOUTH REPRODUCTIVE";1
"YOUTHS POLITICAL";1
"YOUTUBE DOCUMENTARIES";1
"ZEALAND-A VIEWPOINT";1
"ZEALAND FINDINGS";1
"ZIKA CRISIS";1
"ZIKA EPIDEMIC";1
"ZIMBABWEAN WOMENS";1
"ZWISCHEN DEN";1
